INSERT INTO TIPO_CONSUMO (ID,TIPO) VALUES (0,'UNIDENTIFIED');

INSERT INTO Especie (id , nome_comum,nome_cientifico,tipo_consumo_id ) VALUES (0, ' Ameixoeira ' , ' Prunus domestica ' ,0);
INSERT INTO Especie (id , nome_comum,nome_cientifico,tipo_consumo_id ) VALUES (1, ' Ameixoeira ' , ' Prunus domestica ' ,0);
INSERT INTO Especie (id , nome_comum,nome_cientifico,tipo_consumo_id ) VALUES (2, ' Ameixoeira ' , ' Prunus domestica ' ,0);
INSERT INTO Especie (id , nome_comum,nome_cientifico,tipo_consumo_id ) VALUES (3, ' Ameixoeira ' , ' Prunus domestica ' ,0);
INSERT INTO Especie (id , nome_comum,nome_cientifico,tipo_consumo_id ) VALUES (4, ' Ameixoeira ' , ' Prunus domestica ' ,0);
INSERT INTO Especie (id , nome_comum,nome_cientifico,tipo_consumo_id ) VALUES (5, ' Ameixoeira ' , ' Prunus domestica ' ,0);
INSERT INTO Especie (id , nome_comum,nome_cientifico,tipo_consumo_id ) VALUES (6, ' Ameixoeira ' , ' Prunus domestica ' ,0);
INSERT INTO Especie (id , nome_comum,nome_cientifico,tipo_consumo_id ) VALUES (7, ' Ameixoeira ' , ' Prunus domestica ' ,0);
INSERT INTO Especie (id , nome_comum,nome_cientifico,tipo_consumo_id ) VALUES (8, ' Ameixoeira ' , ' Prunus domestica ' ,0);
INSERT INTO Especie (id , nome_comum,nome_cientifico,tipo_consumo_id ) VALUES (9, ' Ameixoeira ' , ' Prunus domestica ' ,0);
INSERT INTO Especie (id , nome_comum,nome_cientifico,tipo_consumo_id ) VALUES (10, ' Ameixoeira ' , ' Prunus domestica ' ,0);
INSERT INTO Especie (id , nome_comum,nome_cientifico,tipo_consumo_id ) VALUES (11, ' Ameixoeira ' , ' Prunus domestica ' ,0);
INSERT INTO Especie (id , nome_comum,nome_cientifico,tipo_consumo_id ) VALUES (12, ' Ameixoeira ' , ' Prunus domestica ' ,0);
INSERT INTO Especie (id , nome_comum,nome_cientifico,tipo_consumo_id ) VALUES (13, ' Ameixoeira ' , ' Prunus domestica ' ,0);
INSERT INTO Especie (id , nome_comum,nome_cientifico,tipo_consumo_id ) VALUES (14, ' Ameixoeira ' , ' Prunus domestica ' ,0);
INSERT INTO Especie (id , nome_comum,nome_cientifico,tipo_consumo_id ) VALUES (15, ' Ameixoeira ' , ' Prunus domestica ' ,0);
INSERT INTO Especie (id , nome_comum,nome_cientifico,tipo_consumo_id ) VALUES (16, ' Ameixoeira ' , ' Prunus domestica ' ,0);
INSERT INTO Especie (id , nome_comum,nome_cientifico,tipo_consumo_id ) VALUES (17, ' Ameixoeira ' , ' Prunus domestica ' ,0);
INSERT INTO Especie (id , nome_comum,nome_cientifico,tipo_consumo_id ) VALUES (18, ' Ameixoeira ' , ' Prunus domestica ' ,0);
INSERT INTO Especie (id , nome_comum,nome_cientifico,tipo_consumo_id ) VALUES (19, ' Ameixoeira ' , ' Prunus domestica ' ,0);
INSERT INTO Especie (id , nome_comum,nome_cientifico,tipo_consumo_id ) VALUES (20, ' Ameixoeira ' , ' Prunus domestica ' ,0);
INSERT INTO Especie (id , nome_comum,nome_cientifico,tipo_consumo_id ) VALUES (21, ' Ameixoeira ' , ' Prunus domestica ' ,0);
INSERT INTO Especie (id , nome_comum,nome_cientifico,tipo_consumo_id ) VALUES (22, ' Ameixoeira ' , ' Prunus domestica ' ,0);
INSERT INTO Especie (id , nome_comum,nome_cientifico,tipo_consumo_id ) VALUES (23, ' Ameixoeira ' , ' Prunus domestica ' ,0);
INSERT INTO Especie (id , nome_comum,nome_cientifico,tipo_consumo_id ) VALUES (24, ' Ameixoeira ' , ' Prunus domestica ' ,0);
INSERT INTO Especie (id , nome_comum,nome_cientifico,tipo_consumo_id ) VALUES (25, ' Ameixoeira ' , ' Prunus domestica ' ,0);
INSERT INTO Especie (id , nome_comum,nome_cientifico,tipo_consumo_id ) VALUES (26, ' Damasqueiro ' , ' Prunus armeniaca ' ,0);
INSERT INTO Especie (id , nome_comum,nome_cientifico,tipo_consumo_id ) VALUES (27, ' Damasqueiro ' , ' Prunus armeniaca ' ,0);
INSERT INTO Especie (id , nome_comum,nome_cientifico,tipo_consumo_id ) VALUES (28, ' Damasqueiro ' , ' Prunus armeniaca ' ,0);
INSERT INTO Especie (id , nome_comum,nome_cientifico,tipo_consumo_id ) VALUES (29, ' Damasqueiro ' , ' Prunus armeniaca ' ,0);
INSERT INTO Especie (id , nome_comum,nome_cientifico,tipo_consumo_id ) VALUES (30, ' Damasqueiro ' , ' Prunus armeniaca ' ,0);
INSERT INTO Especie (id , nome_comum,nome_cientifico,tipo_consumo_id ) VALUES (31, ' Macieira ' , ' Malus domestica ' ,0);
INSERT INTO Especie (id , nome_comum,nome_cientifico,tipo_consumo_id ) VALUES (32, ' Macieira ' , ' Malus domestica ' ,0);
INSERT INTO Especie (id , nome_comum,nome_cientifico,tipo_consumo_id ) VALUES (33, ' Macieira ' , ' Malus domestica ' ,0);
INSERT INTO Especie (id , nome_comum,nome_cientifico,tipo_consumo_id ) VALUES (34, ' Macieira ' , ' Malus domestica ' ,0);
INSERT INTO Especie (id , nome_comum,nome_cientifico,tipo_consumo_id ) VALUES (35, ' Macieira ' , ' Malus domestica ' ,0);
INSERT INTO Especie (id , nome_comum,nome_cientifico,tipo_consumo_id ) VALUES (36, ' Macieira ' , ' Malus domestica ' ,0);
INSERT INTO Especie (id , nome_comum,nome_cientifico,tipo_consumo_id ) VALUES (37, ' Macieira ' , ' Malus domestica ' ,0);
INSERT INTO Especie (id , nome_comum,nome_cientifico,tipo_consumo_id ) VALUES (38, ' Macieira ' , ' Malus domestica ' ,0);
INSERT INTO Especie (id , nome_comum,nome_cientifico,tipo_consumo_id ) VALUES (39, ' Macieira ' , ' Malus domestica ' ,0);
INSERT INTO Especie (id , nome_comum,nome_cientifico,tipo_consumo_id ) VALUES (40, ' Macieira ' , ' Malus domestica ' ,0);
INSERT INTO Especie (id , nome_comum,nome_cientifico,tipo_consumo_id ) VALUES (41, ' Macieira ' , ' Malus domestica ' ,0);
INSERT INTO Especie (id , nome_comum,nome_cientifico,tipo_consumo_id ) VALUES (42, ' Macieira ' , ' Malus domestica ' ,0);
INSERT INTO Especie (id , nome_comum,nome_cientifico,tipo_consumo_id ) VALUES (43, ' Macieira ' , ' Malus domestica ' ,0);
INSERT INTO Especie (id , nome_comum,nome_cientifico,tipo_consumo_id ) VALUES (44, ' Macieira ' , ' Malus domestica ' ,0);
INSERT INTO Especie (id , nome_comum,nome_cientifico,tipo_consumo_id ) VALUES (45, ' Macieira ' , ' Malus domestica ' ,0);
INSERT INTO Especie (id , nome_comum,nome_cientifico,tipo_consumo_id ) VALUES (46, ' Macieira ' , ' Malus domestica ' ,0);
INSERT INTO Especie (id , nome_comum,nome_cientifico,tipo_consumo_id ) VALUES (47, ' Macieira ' , ' Malus domestica ' ,0);
INSERT INTO Especie (id , nome_comum,nome_cientifico,tipo_consumo_id ) VALUES (48, ' Macieira ' , ' Malus domestica ' ,0);
INSERT INTO Especie (id , nome_comum,nome_cientifico,tipo_consumo_id ) VALUES (49, ' Macieira ' , ' Malus domestica ' ,0);
INSERT INTO Especie (id , nome_comum,nome_cientifico,tipo_consumo_id ) VALUES (50, ' Macieira ' , ' Malus domestica ' ,0);
INSERT INTO Especie (id , nome_comum,nome_cientifico,tipo_consumo_id ) VALUES (51, ' Macieira ' , ' Malus domestica ' ,0);
INSERT INTO Especie (id , nome_comum,nome_cientifico,tipo_consumo_id ) VALUES (52, ' Macieira ' , ' Malus domestica ' ,0);
INSERT INTO Especie (id , nome_comum,nome_cientifico,tipo_consumo_id ) VALUES (53, ' Macieira ' , ' Malus domestica ' ,0);
INSERT INTO Especie (id , nome_comum,nome_cientifico,tipo_consumo_id ) VALUES (54, ' Macieira ' , ' Malus domestica ' ,0);
INSERT INTO Especie (id , nome_comum,nome_cientifico,tipo_consumo_id ) VALUES (55, ' Macieira ' , ' Malus domestica ' ,0);
INSERT INTO Especie (id , nome_comum,nome_cientifico,tipo_consumo_id ) VALUES (56, ' Macieira ' , ' Malus domestica ' ,0);
INSERT INTO Especie (id , nome_comum,nome_cientifico,tipo_consumo_id ) VALUES (57, ' Macieira ' , ' Malus domestica ' ,0);
INSERT INTO Especie (id , nome_comum,nome_cientifico,tipo_consumo_id ) VALUES (58, ' Macieira ' , ' Malus domestica ' ,0);
INSERT INTO Especie (id , nome_comum,nome_cientifico,tipo_consumo_id ) VALUES (59, ' Macieira ' , ' Malus domestica ' ,0);
INSERT INTO Especie (id , nome_comum,nome_cientifico,tipo_consumo_id ) VALUES (60, ' Macieira ' , ' Malus domestica ' ,0);
INSERT INTO Especie (id , nome_comum,nome_cientifico,tipo_consumo_id ) VALUES (61, ' Macieira ' , ' Malus domestica ' ,0);
INSERT INTO Especie (id , nome_comum,nome_cientifico,tipo_consumo_id ) VALUES (62, ' Macieira ' , ' Malus domestica ' ,0);
INSERT INTO Especie (id , nome_comum,nome_cientifico,tipo_consumo_id ) VALUES (63, ' Macieira ' , ' Malus domestica ' ,0);
INSERT INTO Especie (id , nome_comum,nome_cientifico,tipo_consumo_id ) VALUES (64, ' Macieira ' , ' Malus domestica ' ,0);
INSERT INTO Especie (id , nome_comum,nome_cientifico,tipo_consumo_id ) VALUES (65, ' Macieira ' , ' Malus domestica ' ,0);
INSERT INTO Especie (id , nome_comum,nome_cientifico,tipo_consumo_id ) VALUES (66, ' Macieira ' , ' Malus domestica ' ,0);
INSERT INTO Especie (id , nome_comum,nome_cientifico,tipo_consumo_id ) VALUES (67, ' Macieira ' , ' Malus domestica ' ,0);
INSERT INTO Especie (id , nome_comum,nome_cientifico,tipo_consumo_id ) VALUES (68, ' Pera Nashi ' , ' Pyrus pyrifolia ' ,0);
INSERT INTO Especie (id , nome_comum,nome_cientifico,tipo_consumo_id ) VALUES (69, ' Pera Nashi ' , ' Pyrus pyrifolia ' ,0);
INSERT INTO Especie (id , nome_comum,nome_cientifico,tipo_consumo_id ) VALUES (70, ' Pera Nashi ' , ' Pyrus pyrifolia ' ,0);
INSERT INTO Especie (id , nome_comum,nome_cientifico,tipo_consumo_id ) VALUES (71, ' Pera Nashi ' , ' Pyrus pyrifolia ' ,0);
INSERT INTO Especie (id , nome_comum,nome_cientifico,tipo_consumo_id ) VALUES (72, ' Cenoura ' , ' Daucus carota subsp. Sativus ' ,0);
INSERT INTO Especie (id , nome_comum,nome_cientifico,tipo_consumo_id ) VALUES (73, ' Cenoura ' , ' Daucus carota subsp. Sativus ' ,0);
INSERT INTO Especie (id , nome_comum,nome_cientifico,tipo_consumo_id ) VALUES (74, ' Cenoura ' , ' Daucus carota subsp. Sativus ' ,0);
INSERT INTO Especie (id , nome_comum,nome_cientifico,tipo_consumo_id ) VALUES (75, ' Cenoura ' , ' Daucus carota subsp. Sativus ' ,0);
INSERT INTO Especie (id , nome_comum,nome_cientifico,tipo_consumo_id ) VALUES (76, ' Cenoura ' , ' Daucus carota subsp. Sativus ' ,0);
INSERT INTO Especie (id , nome_comum,nome_cientifico,tipo_consumo_id ) VALUES (77, ' Cenoura ' , ' Daucus carota subsp. Sativus ' ,0);
INSERT INTO Especie (id , nome_comum,nome_cientifico,tipo_consumo_id ) VALUES (78, ' Cenoura ' , ' Daucus carota subsp. Sativus ' ,0);
INSERT INTO Especie (id , nome_comum,nome_cientifico,tipo_consumo_id ) VALUES (79, ' Tremoço ' , ' Lupinus luteus ' ,0);
INSERT INTO Especie (id , nome_comum,nome_cientifico,tipo_consumo_id ) VALUES (80, ' Tremoço ' , ' Lupinus albus ' ,0);
INSERT INTO Especie (id , nome_comum,nome_cientifico,tipo_consumo_id ) VALUES (81, ' Milho ' , ' Zea mays ' ,0);
INSERT INTO Especie (id , nome_comum,nome_cientifico,tipo_consumo_id ) VALUES (82, ' Milho ' , ' Zea mays ' ,0);
INSERT INTO Especie (id , nome_comum,nome_cientifico,tipo_consumo_id ) VALUES (83, ' Nabo greleiro ' , ' Brassica rapa ' ,0);
INSERT INTO Especie (id , nome_comum,nome_cientifico,tipo_consumo_id ) VALUES (84, ' Oliveira ' , ' Olea europaea ' ,0);
INSERT INTO Especie (id , nome_comum,nome_cientifico,tipo_consumo_id ) VALUES (85, ' Oliveira ' , ' Olea europaea ' ,0);
INSERT INTO Especie (id , nome_comum,nome_cientifico,tipo_consumo_id ) VALUES (86, ' Oliveira ' , ' Olea europaea ' ,0);
INSERT INTO Especie (id , nome_comum,nome_cientifico,tipo_consumo_id ) VALUES (87, ' Oliveira ' , ' Olea europaea ' ,0);
INSERT INTO Especie (id , nome_comum,nome_cientifico,tipo_consumo_id ) VALUES (88, ' Oliveira ' , ' Olea europaea ' ,0);
INSERT INTO Especie (id , nome_comum,nome_cientifico,tipo_consumo_id ) VALUES (89, ' Oliveira ' , ' Olea europaea ' ,0);
INSERT INTO Especie (id , nome_comum,nome_cientifico,tipo_consumo_id ) VALUES (90, ' Oliveira ' , ' Olea europaea ' ,0);
INSERT INTO Especie (id , nome_comum,nome_cientifico,tipo_consumo_id ) VALUES (91, ' Oliveira ' , ' Olea europaea ' ,0);
INSERT INTO Especie (id , nome_comum,nome_cientifico,tipo_consumo_id ) VALUES (92, ' Nabo ' , ' Brassica rapa L. ' ,0);



INSERT INTO CICLO (ID) VALUES (0);
INSERT INTO CICLO (ID) VALUES (1);
INSERT INTO CICLO (ID) VALUES (2);
INSERT INTO CICLO (ID) VALUES (3);
INSERT INTO CICLO (ID) VALUES (4);
INSERT INTO CICLO (ID) VALUES (5);
INSERT INTO CICLO (ID) VALUES (6);
INSERT INTO CICLO (ID) VALUES (7);
INSERT INTO CICLO (ID) VALUES (8);
INSERT INTO CICLO (ID) VALUES (9);
INSERT INTO CICLO (ID) VALUES (10);
INSERT INTO CICLO (ID) VALUES (11);
INSERT INTO CICLO (ID) VALUES (12);
INSERT INTO CICLO (ID) VALUES (13);
INSERT INTO CICLO (ID) VALUES (14);
INSERT INTO CICLO (ID) VALUES (15);
INSERT INTO CICLO (ID) VALUES (16);
INSERT INTO CICLO (ID) VALUES (17);
INSERT INTO CICLO (ID) VALUES (18);
INSERT INTO CICLO (ID) VALUES (19);
INSERT INTO CICLO (ID) VALUES (20);
INSERT INTO CICLO (ID) VALUES (21);
INSERT INTO CICLO (ID) VALUES (22);
INSERT INTO CICLO (ID) VALUES (23);
INSERT INTO CICLO (ID) VALUES (24);
INSERT INTO CICLO (ID) VALUES (25);
INSERT INTO CICLO (ID) VALUES (26);
INSERT INTO CICLO (ID) VALUES (27);
INSERT INTO CICLO (ID) VALUES (28);
INSERT INTO CICLO (ID) VALUES (29);
INSERT INTO CICLO (ID) VALUES (30);
INSERT INTO CICLO (ID) VALUES (31);
INSERT INTO CICLO (ID) VALUES (32);
INSERT INTO CICLO (ID) VALUES (33);
INSERT INTO CICLO (ID) VALUES (34);
INSERT INTO CICLO (ID) VALUES (35);
INSERT INTO CICLO (ID) VALUES (36);
INSERT INTO CICLO (ID) VALUES (37);
INSERT INTO CICLO (ID) VALUES (38);
INSERT INTO CICLO (ID) VALUES (39);
INSERT INTO CICLO (ID) VALUES (40);
INSERT INTO CICLO (ID) VALUES (41);
INSERT INTO CICLO (ID) VALUES (42);
INSERT INTO CICLO (ID) VALUES (43);
INSERT INTO CICLO (ID) VALUES (44);
INSERT INTO CICLO (ID) VALUES (45);
INSERT INTO CICLO (ID) VALUES (46);
INSERT INTO CICLO (ID) VALUES (47);
INSERT INTO CICLO (ID) VALUES (48);
INSERT INTO CICLO (ID) VALUES (49);
INSERT INTO CICLO (ID) VALUES (50);
INSERT INTO CICLO (ID) VALUES (51);
INSERT INTO CICLO (ID) VALUES (52);
INSERT INTO CICLO (ID) VALUES (53);
INSERT INTO CICLO (ID) VALUES (54);
INSERT INTO CICLO (ID) VALUES (55);
INSERT INTO CICLO (ID) VALUES (56);
INSERT INTO CICLO (ID) VALUES (57);
INSERT INTO CICLO (ID) VALUES (58);
INSERT INTO CICLO (ID) VALUES (59);
INSERT INTO CICLO (ID) VALUES (60);
INSERT INTO CICLO (ID) VALUES (61);
INSERT INTO CICLO (ID) VALUES (62);
INSERT INTO CICLO (ID) VALUES (63);
INSERT INTO CICLO (ID) VALUES (64);
INSERT INTO CICLO (ID) VALUES (65);
INSERT INTO CICLO (ID) VALUES (66);
INSERT INTO CICLO (ID) VALUES (67);
INSERT INTO CICLO (ID) VALUES (68);
INSERT INTO CICLO (ID) VALUES (69);
INSERT INTO CICLO (ID) VALUES (70);
INSERT INTO CICLO (ID) VALUES (71);
INSERT INTO CICLO (ID) VALUES (72);
INSERT INTO CICLO (ID) VALUES (73);
INSERT INTO CICLO (ID) VALUES (74);
INSERT INTO CICLO (ID) VALUES (75);
INSERT INTO CICLO (ID) VALUES (76);
INSERT INTO CICLO (ID) VALUES (77);
INSERT INTO CICLO (ID) VALUES (78);
INSERT INTO CICLO (ID) VALUES (79);
INSERT INTO CICLO (ID) VALUES (80);
INSERT INTO CICLO (ID) VALUES (81);
INSERT INTO CICLO (ID) VALUES (82);
INSERT INTO CICLO (ID) VALUES (83);
INSERT INTO CICLO (ID) VALUES (84);
INSERT INTO CICLO (ID) VALUES (85);
INSERT INTO CICLO (ID) VALUES (86);
INSERT INTO CICLO (ID) VALUES (87);
INSERT INTO CICLO (ID) VALUES (88);
INSERT INTO CICLO (ID) VALUES (89);
INSERT INTO CICLO (ID) VALUES (90);
INSERT INTO CICLO (ID) VALUES (91);
INSERT INTO CICLO (ID) VALUES (92);


INSERT INTO CICLO_PERMANENTE (CICLO_ID,FASE_PODA,FASE_FLORACAO,FASE_COLHEITA) VALUES (0, ' Novembro a dezembro ' , ' Fevereiro a março ' , ' Julho a agosto ' );
INSERT INTO CICLO_PERMANENTE (CICLO_ID,FASE_PODA,FASE_FLORACAO,FASE_COLHEITA) VALUES (1, ' Novembro a dezembro ' , ' Fevereiro a março ' , ' Julho a agosto ' );
INSERT INTO CICLO_PERMANENTE (CICLO_ID,FASE_PODA,FASE_FLORACAO,FASE_COLHEITA) VALUES (2, ' Novembro a dezembro ' , ' Fevereiro a março ' , ' Julho a agosto ' );
INSERT INTO CICLO_PERMANENTE (CICLO_ID,FASE_PODA,FASE_FLORACAO,FASE_COLHEITA) VALUES (3, ' Novembro a dezembro ' , ' Fevereiro a março ' , ' Julho a agosto ' );
INSERT INTO CICLO_PERMANENTE (CICLO_ID,FASE_PODA,FASE_FLORACAO,FASE_COLHEITA) VALUES (4, ' Novembro a dezembro ' , ' Fevereiro a março ' , ' Julho a agosto ' );
INSERT INTO CICLO_PERMANENTE (CICLO_ID,FASE_PODA,FASE_FLORACAO,FASE_COLHEITA) VALUES (5, ' Novembro a dezembro ' , ' Fevereiro a março ' , ' Julho a agosto ' );
INSERT INTO CICLO_PERMANENTE (CICLO_ID,FASE_PODA,FASE_FLORACAO,FASE_COLHEITA) VALUES (6, ' Novembro a dezembro ' , ' Fevereiro a março ' , ' Julho a agosto ' );
INSERT INTO CICLO_PERMANENTE (CICLO_ID,FASE_PODA,FASE_FLORACAO,FASE_COLHEITA) VALUES (7, ' Novembro a dezembro ' , ' Fevereiro a março ' , ' Julho a agosto ' );
INSERT INTO CICLO_PERMANENTE (CICLO_ID,FASE_PODA,FASE_FLORACAO,FASE_COLHEITA) VALUES (8, ' Novembro a dezembro ' , ' Fevereiro a março ' , ' Julho a agosto ' );
INSERT INTO CICLO_PERMANENTE (CICLO_ID,FASE_PODA,FASE_FLORACAO,FASE_COLHEITA) VALUES (9, ' Novembro a dezembro ' , ' Fevereiro a março ' , ' Julho a agosto ' );
INSERT INTO CICLO_PERMANENTE (CICLO_ID,FASE_PODA,FASE_FLORACAO,FASE_COLHEITA) VALUES (10, ' Novembro a dezembro ' , ' Fevereiro a março ' , ' Julho a agosto ' );
INSERT INTO CICLO_PERMANENTE (CICLO_ID,FASE_PODA,FASE_FLORACAO,FASE_COLHEITA) VALUES (11, ' Novembro a dezembro ' , ' Fevereiro a março ' , ' Julho a agosto ' );
INSERT INTO CICLO_PERMANENTE (CICLO_ID,FASE_PODA,FASE_FLORACAO,FASE_COLHEITA) VALUES (12, ' Novembro a dezembro ' , ' Fevereiro a março ' , ' Julho a agosto ' );
INSERT INTO CICLO_PERMANENTE (CICLO_ID,FASE_PODA,FASE_FLORACAO,FASE_COLHEITA) VALUES (13, ' Novembro a dezembro ' , ' Fevereiro a março ' , ' Julho a agosto ' );
INSERT INTO CICLO_PERMANENTE (CICLO_ID,FASE_PODA,FASE_FLORACAO,FASE_COLHEITA) VALUES (14, ' Novembro a dezembro ' , ' Fevereiro a março ' , ' Julho a agosto ' );
INSERT INTO CICLO_PERMANENTE (CICLO_ID,FASE_PODA,FASE_FLORACAO,FASE_COLHEITA) VALUES (15, ' Novembro a dezembro ' , ' Fevereiro a março ' , ' Julho a agosto ' );
INSERT INTO CICLO_PERMANENTE (CICLO_ID,FASE_PODA,FASE_FLORACAO,FASE_COLHEITA) VALUES (16, ' Novembro a dezembro ' , ' Fevereiro a março ' , ' Julho a agosto ' );
INSERT INTO CICLO_PERMANENTE (CICLO_ID,FASE_PODA,FASE_FLORACAO,FASE_COLHEITA) VALUES (17, ' Novembro a dezembro ' , ' Fevereiro a março ' , ' Julho a agosto ' );
INSERT INTO CICLO_PERMANENTE (CICLO_ID,FASE_PODA,FASE_FLORACAO,FASE_COLHEITA) VALUES (18, ' Novembro a dezembro ' , ' Fevereiro a março ' , ' Julho a agosto ' );
INSERT INTO CICLO_PERMANENTE (CICLO_ID,FASE_PODA,FASE_FLORACAO,FASE_COLHEITA) VALUES (19, ' Novembro a dezembro ' , ' Fevereiro a março ' , ' Julho a agosto ' );
INSERT INTO CICLO_PERMANENTE (CICLO_ID,FASE_PODA,FASE_FLORACAO,FASE_COLHEITA) VALUES (20, ' Novembro a dezembro ' , ' Fevereiro a março ' , ' Julho a agosto ' );
INSERT INTO CICLO_PERMANENTE (CICLO_ID,FASE_PODA,FASE_FLORACAO,FASE_COLHEITA) VALUES (21, ' Novembro a dezembro ' , ' Fevereiro a março ' , ' Julho a agosto ' );
INSERT INTO CICLO_PERMANENTE (CICLO_ID,FASE_PODA,FASE_FLORACAO,FASE_COLHEITA) VALUES (22, ' Novembro a dezembro ' , ' Fevereiro a março ' , ' Julho a agosto ' );
INSERT INTO CICLO_PERMANENTE (CICLO_ID,FASE_PODA,FASE_FLORACAO,FASE_COLHEITA) VALUES (23, ' Novembro a dezembro ' , ' Fevereiro a março ' , ' Julho a agosto ' );
INSERT INTO CICLO_PERMANENTE (CICLO_ID,FASE_PODA,FASE_FLORACAO,FASE_COLHEITA) VALUES (24, ' Novembro a dezembro ' , ' Fevereiro a março ' , ' Julho a agosto ' );
INSERT INTO CICLO_PERMANENTE (CICLO_ID,FASE_PODA,FASE_FLORACAO,FASE_COLHEITA) VALUES (25, ' Novembro a dezembro ' , ' Fevereiro a março ' , ' Julho a agosto ' );
INSERT INTO CICLO_PERMANENTE (CICLO_ID,FASE_PODA,FASE_FLORACAO,FASE_COLHEITA) VALUES (26, ' Novembro a dezembro ' , ' Fevereiro a março ' , ' Julho a agosto ' );
INSERT INTO CICLO_PERMANENTE (CICLO_ID,FASE_PODA,FASE_FLORACAO,FASE_COLHEITA) VALUES (27, ' Novembro a dezembro ' , ' Fevereiro a março ' , ' Julho a agosto ' );
INSERT INTO CICLO_PERMANENTE (CICLO_ID,FASE_PODA,FASE_FLORACAO,FASE_COLHEITA) VALUES (28, ' Novembro a dezembro ' , ' Fevereiro a março ' , ' Julho a agosto ' );
INSERT INTO CICLO_PERMANENTE (CICLO_ID,FASE_PODA,FASE_FLORACAO,FASE_COLHEITA) VALUES (29, ' Novembro a dezembro ' , ' Fevereiro a março ' , ' Julho a agosto ' );
INSERT INTO CICLO_PERMANENTE (CICLO_ID,FASE_PODA,FASE_FLORACAO,FASE_COLHEITA) VALUES (30, ' Novembro a dezembro ' , ' Fevereiro a março ' , ' Julho a agosto ' );
INSERT INTO CICLO_PERMANENTE (CICLO_ID,FASE_PODA,FASE_FLORACAO,FASE_COLHEITA) VALUES (31, ' Novembro a dezembro ' , ' Março a abril ' , ' Agosto a setembro ' );
INSERT INTO CICLO_PERMANENTE (CICLO_ID,FASE_PODA,FASE_FLORACAO,FASE_COLHEITA) VALUES (32, ' Novembro a dezembro ' , ' Março a abril ' , ' Agosto a setembro ' );
INSERT INTO CICLO_PERMANENTE (CICLO_ID,FASE_PODA,FASE_FLORACAO,FASE_COLHEITA) VALUES (33, ' Novembro a dezembro ' , ' Março a abril ' , ' Agosto a setembro ' );
INSERT INTO CICLO_PERMANENTE (CICLO_ID,FASE_PODA,FASE_FLORACAO,FASE_COLHEITA) VALUES (34, ' Novembro a dezembro ' , ' Março a abril ' , ' Agosto a setembro ' );
INSERT INTO CICLO_PERMANENTE (CICLO_ID,FASE_PODA,FASE_FLORACAO,FASE_COLHEITA) VALUES (35, ' Novembro a dezembro ' , ' Março a abril ' , ' Agosto a setembro ' );
INSERT INTO CICLO_PERMANENTE (CICLO_ID,FASE_PODA,FASE_FLORACAO,FASE_COLHEITA) VALUES (36, ' Novembro a dezembro ' , ' Março a abril ' , ' Agosto a setembro ' );
INSERT INTO CICLO_PERMANENTE (CICLO_ID,FASE_PODA,FASE_FLORACAO,FASE_COLHEITA) VALUES (37, ' Novembro a dezembro ' , ' Março a abril ' , ' Agosto a setembro ' );
INSERT INTO CICLO_PERMANENTE (CICLO_ID,FASE_PODA,FASE_FLORACAO,FASE_COLHEITA) VALUES (38, ' Novembro a dezembro ' , ' Março a abril ' , ' Agosto a setembro ' );
INSERT INTO CICLO_PERMANENTE (CICLO_ID,FASE_PODA,FASE_FLORACAO,FASE_COLHEITA) VALUES (39, ' Novembro a dezembro ' , ' Março a abril ' , ' Agosto a setembro ' );
INSERT INTO CICLO_PERMANENTE (CICLO_ID,FASE_PODA,FASE_FLORACAO,FASE_COLHEITA) VALUES (40, ' Novembro a dezembro ' , ' Março a abril ' , ' Agosto a setembro ' );
INSERT INTO CICLO_PERMANENTE (CICLO_ID,FASE_PODA,FASE_FLORACAO,FASE_COLHEITA) VALUES (41, ' Novembro a dezembro ' , ' Março a abril ' , ' Agosto a setembro ' );
INSERT INTO CICLO_PERMANENTE (CICLO_ID,FASE_PODA,FASE_FLORACAO,FASE_COLHEITA) VALUES (42, ' Novembro a dezembro ' , ' Março a abril ' , ' Agosto a setembro ' );
INSERT INTO CICLO_PERMANENTE (CICLO_ID,FASE_PODA,FASE_FLORACAO,FASE_COLHEITA) VALUES (43, ' Janeiro ' , ' Abril a maio ' , ' Novembro a dezembro ' );
INSERT INTO CICLO_PERMANENTE (CICLO_ID,FASE_PODA,FASE_FLORACAO,FASE_COLHEITA) VALUES (44, ' Novembro a dezembro ' , ' Março a abril ' , ' Agosto a setembro ' );
INSERT INTO CICLO_PERMANENTE (CICLO_ID,FASE_PODA,FASE_FLORACAO,FASE_COLHEITA) VALUES (45, ' Novembro a dezembro ' , ' Março a abril ' , ' Agosto a setembro ' );
INSERT INTO CICLO_PERMANENTE (CICLO_ID,FASE_PODA,FASE_FLORACAO,FASE_COLHEITA) VALUES (46, ' Novembro a dezembro ' , ' Março a abril ' , ' Agosto a setembro ' );
INSERT INTO CICLO_PERMANENTE (CICLO_ID,FASE_PODA,FASE_FLORACAO,FASE_COLHEITA) VALUES (47, ' Novembro a dezembro ' , ' Março a abril ' , ' Agosto a setembro ' );
INSERT INTO CICLO_PERMANENTE (CICLO_ID,FASE_PODA,FASE_FLORACAO,FASE_COLHEITA) VALUES (48, ' Novembro a dezembro ' , ' Março a abril ' , ' Agosto a setembro ' );
INSERT INTO CICLO_PERMANENTE (CICLO_ID,FASE_PODA,FASE_FLORACAO,FASE_COLHEITA) VALUES (49, ' Novembro a dezembro ' , ' Março a abril ' , ' Agosto a setembro ' );
INSERT INTO CICLO_PERMANENTE (CICLO_ID,FASE_PODA,FASE_FLORACAO,FASE_COLHEITA) VALUES (50, ' Novembro a dezembro ' , ' Março a abril ' , ' Agosto a setembro ' );
INSERT INTO CICLO_PERMANENTE (CICLO_ID,FASE_PODA,FASE_FLORACAO,FASE_COLHEITA) VALUES (51, ' Novembro a dezembro ' , ' Março a abril ' , ' Agosto a setembro ' );
INSERT INTO CICLO_PERMANENTE (CICLO_ID,FASE_PODA,FASE_FLORACAO,FASE_COLHEITA) VALUES (52, ' Novembro a dezembro ' , ' Março a abril ' , ' Agosto a setembro ' );
INSERT INTO CICLO_PERMANENTE (CICLO_ID,FASE_PODA,FASE_FLORACAO,FASE_COLHEITA) VALUES (53, ' Novembro a dezembro ' , ' Março a abril ' , ' Agosto a setembro ' );
INSERT INTO CICLO_PERMANENTE (CICLO_ID,FASE_PODA,FASE_FLORACAO,FASE_COLHEITA) VALUES (54, ' Novembro a dezembro ' , ' Março a abril ' , ' Agosto a setembro ' );
INSERT INTO CICLO_PERMANENTE (CICLO_ID,FASE_PODA,FASE_FLORACAO,FASE_COLHEITA) VALUES (55, ' Novembro a dezembro ' , ' Março a abril ' , ' Agosto a setembro ' );
INSERT INTO CICLO_PERMANENTE (CICLO_ID,FASE_PODA,FASE_FLORACAO,FASE_COLHEITA) VALUES (56, ' Novembro a dezembro ' , ' Março a abril ' , ' Agosto a setembro ' );
INSERT INTO CICLO_PERMANENTE (CICLO_ID,FASE_PODA,FASE_FLORACAO,FASE_COLHEITA) VALUES (57, ' Novembro a dezembro ' , ' Março a abril ' , ' Agosto a setembro ' );
INSERT INTO CICLO_PERMANENTE (CICLO_ID,FASE_PODA,FASE_FLORACAO,FASE_COLHEITA) VALUES (58, ' Novembro a dezembro ' , ' Março a abril ' , ' Agosto a setembro ' );
INSERT INTO CICLO_PERMANENTE (CICLO_ID,FASE_PODA,FASE_FLORACAO,FASE_COLHEITA) VALUES (59, ' Novembro a dezembro ' , ' Março a abril ' , ' Agosto a setembro ' );
INSERT INTO CICLO_PERMANENTE (CICLO_ID,FASE_PODA,FASE_FLORACAO,FASE_COLHEITA) VALUES (60, ' Novembro a dezembro ' , ' Março a abril ' , ' Agosto a setembro ' );
INSERT INTO CICLO_PERMANENTE (CICLO_ID,FASE_PODA,FASE_FLORACAO,FASE_COLHEITA) VALUES (61, ' Novembro a dezembro ' , ' Março a abril ' , ' Agosto a setembro ' );
INSERT INTO CICLO_PERMANENTE (CICLO_ID,FASE_PODA,FASE_FLORACAO,FASE_COLHEITA) VALUES (62, ' Novembro a dezembro ' , ' Março a abril ' , ' Agosto a setembro ' );
INSERT INTO CICLO_PERMANENTE (CICLO_ID,FASE_PODA,FASE_FLORACAO,FASE_COLHEITA) VALUES (63, ' Novembro a dezembro ' , ' Março a abril ' , ' Agosto a setembro ' );
INSERT INTO CICLO_PERMANENTE (CICLO_ID,FASE_PODA,FASE_FLORACAO,FASE_COLHEITA) VALUES (64, ' Novembro a dezembro ' , ' Março a abril ' , ' Agosto a setembro ' );
INSERT INTO CICLO_PERMANENTE (CICLO_ID,FASE_PODA,FASE_FLORACAO,FASE_COLHEITA) VALUES (65, ' Novembro a dezembro ' , ' Março a abril ' , ' Agosto a setembro ' );
INSERT INTO CICLO_PERMANENTE (CICLO_ID,FASE_PODA,FASE_FLORACAO,FASE_COLHEITA) VALUES (66, ' Novembro a dezembro ' , ' Março a abril ' , ' Agosto a setembro ' );
INSERT INTO CICLO_PERMANENTE (CICLO_ID,FASE_PODA,FASE_FLORACAO,FASE_COLHEITA) VALUES (67, ' Novembro a dezembro ' , ' Março a abril ' , ' Agosto a setembro ' );
INSERT INTO CICLO_PERMANENTE (CICLO_ID,FASE_PODA,FASE_FLORACAO,FASE_COLHEITA) VALUES (68, '  ' , '  ' , '  ' );
INSERT INTO CICLO_PERMANENTE (CICLO_ID,FASE_PODA,FASE_FLORACAO,FASE_COLHEITA) VALUES (69, '  ' , '  ' , '  ' );
INSERT INTO CICLO_PERMANENTE (CICLO_ID,FASE_PODA,FASE_FLORACAO,FASE_COLHEITA) VALUES (70, '  ' , '  ' , '  ' );
INSERT INTO CICLO_PERMANENTE (CICLO_ID,FASE_PODA,FASE_FLORACAO,FASE_COLHEITA) VALUES (71, '  ' , '  ' , '  ' );
INSERT INTO CICLO_TEMPORARIA (CICLO_ID,FASE_SEMENTEIRA,FASE_COLHEITA) VALUES (72, '  ' , ' 80 dias ' );
INSERT INTO CICLO_TEMPORARIA (CICLO_ID,FASE_SEMENTEIRA,FASE_COLHEITA) VALUES (73, '  ' , ' 80 dias ' );
INSERT INTO CICLO_TEMPORARIA (CICLO_ID,FASE_SEMENTEIRA,FASE_COLHEITA) VALUES (74, '  ' , ' 80 dias ' );
INSERT INTO CICLO_TEMPORARIA (CICLO_ID,FASE_SEMENTEIRA,FASE_COLHEITA) VALUES (75, '  ' , ' 80 dias ' );
INSERT INTO CICLO_TEMPORARIA (CICLO_ID,FASE_SEMENTEIRA,FASE_COLHEITA) VALUES (76, '  ' , ' 80 dias ' );
INSERT INTO CICLO_TEMPORARIA (CICLO_ID,FASE_SEMENTEIRA,FASE_COLHEITA) VALUES (77, '  ' , ' 80 dias ' );
INSERT INTO CICLO_TEMPORARIA (CICLO_ID,FASE_SEMENTEIRA,FASE_COLHEITA) VALUES (78, '  ' , ' 80 dias ' );
INSERT INTO CICLO_TEMPORARIA (CICLO_ID,FASE_SEMENTEIRA,FASE_COLHEITA) VALUES (79, '  ' , '  ' );
INSERT INTO CICLO_TEMPORARIA (CICLO_ID,FASE_SEMENTEIRA,FASE_COLHEITA) VALUES (80, '  ' , '  ' );
INSERT INTO CICLO_TEMPORARIA (CICLO_ID,FASE_SEMENTEIRA,FASE_COLHEITA) VALUES (81, ' Abril a junho ' , ' Julho a setembro ' );
INSERT INTO CICLO_TEMPORARIA (CICLO_ID,FASE_SEMENTEIRA,FASE_COLHEITA) VALUES (82, ' Abril a junho ' , ' Julho a setembro ' );
INSERT INTO CICLO_TEMPORARIA (CICLO_ID,FASE_SEMENTEIRA,FASE_COLHEITA) VALUES (83, ' Março a setembro ' , ' Junho a fevereiro ' );
INSERT INTO CICLO_PERMANENTE (CICLO_ID,FASE_PODA,FASE_FLORACAO,FASE_COLHEITA) VALUES (84, '  ' , ' Outubro a novembro ' , '  ' );
INSERT INTO CICLO_PERMANENTE (CICLO_ID,FASE_PODA,FASE_FLORACAO,FASE_COLHEITA) VALUES (85, '  ' , '  ' , ' Outubro a novembro ' );
INSERT INTO CICLO_PERMANENTE (CICLO_ID,FASE_PODA,FASE_FLORACAO,FASE_COLHEITA) VALUES (86, '  ' , '  ' , ' Outubro a novembro ' );
INSERT INTO CICLO_PERMANENTE (CICLO_ID,FASE_PODA,FASE_FLORACAO,FASE_COLHEITA) VALUES (87, '  ' , '  ' , ' Outubro a novembro ' );
INSERT INTO CICLO_PERMANENTE (CICLO_ID,FASE_PODA,FASE_FLORACAO,FASE_COLHEITA) VALUES (88, '  ' , '  ' , ' Outubro a novembro ' );
INSERT INTO CICLO_PERMANENTE (CICLO_ID,FASE_PODA,FASE_FLORACAO,FASE_COLHEITA) VALUES (89, '  ' , '  ' , ' Outubro a novembro ' );
INSERT INTO CICLO_PERMANENTE (CICLO_ID,FASE_PODA,FASE_FLORACAO,FASE_COLHEITA) VALUES (90, '  ' , '  ' , ' Outubro a novembro ' );
INSERT INTO CICLO_PERMANENTE (CICLO_ID,FASE_PODA,FASE_FLORACAO,FASE_COLHEITA) VALUES (91, '  ' , '  ' , ' Outubro a novembro ' );
INSERT INTO CICLO_TEMPORARIA (CICLO_ID,FASE_SEMENTEIRA,FASE_COLHEITA) VALUES (92, ' Fevereiro a abril, agosto a outubro ' , ' 90 dias ' );




INSERT INTO VARIEDADE (ID,NOME,ESPECIE_ID,CICLO_ID) VALUES (0, ' Prunus domestica ' ,0,0);
INSERT INTO VARIEDADE (ID,NOME,ESPECIE_ID,CICLO_ID) VALUES (1, ' Prunus domestica ' ,1,1);
INSERT INTO VARIEDADE (ID,NOME,ESPECIE_ID,CICLO_ID) VALUES (2, ' Prunus domestica ' ,2,2);
INSERT INTO VARIEDADE (ID,NOME,ESPECIE_ID,CICLO_ID) VALUES (3, ' Prunus domestica ' ,3,3);
INSERT INTO VARIEDADE (ID,NOME,ESPECIE_ID,CICLO_ID) VALUES (4, ' Prunus domestica ' ,4,4);
INSERT INTO VARIEDADE (ID,NOME,ESPECIE_ID,CICLO_ID) VALUES (5, ' Prunus domestica ' ,5,5);
INSERT INTO VARIEDADE (ID,NOME,ESPECIE_ID,CICLO_ID) VALUES (6, ' Prunus domestica ' ,6,6);
INSERT INTO VARIEDADE (ID,NOME,ESPECIE_ID,CICLO_ID) VALUES (7, ' Prunus domestica ' ,7,7);
INSERT INTO VARIEDADE (ID,NOME,ESPECIE_ID,CICLO_ID) VALUES (8, ' Prunus domestica ' ,8,8);
INSERT INTO VARIEDADE (ID,NOME,ESPECIE_ID,CICLO_ID) VALUES (9, ' Prunus domestica ' ,9,9);
INSERT INTO VARIEDADE (ID,NOME,ESPECIE_ID,CICLO_ID) VALUES (10, ' Prunus domestica ' ,10,10);
INSERT INTO VARIEDADE (ID,NOME,ESPECIE_ID,CICLO_ID) VALUES (11, ' Prunus domestica ' ,11,11);
INSERT INTO VARIEDADE (ID,NOME,ESPECIE_ID,CICLO_ID) VALUES (12, ' Prunus domestica ' ,12,12);
INSERT INTO VARIEDADE (ID,NOME,ESPECIE_ID,CICLO_ID) VALUES (13, ' Prunus domestica ' ,13,13);
INSERT INTO VARIEDADE (ID,NOME,ESPECIE_ID,CICLO_ID) VALUES (14, ' Prunus domestica ' ,14,14);
INSERT INTO VARIEDADE (ID,NOME,ESPECIE_ID,CICLO_ID) VALUES (15, ' Prunus domestica ' ,15,15);
INSERT INTO VARIEDADE (ID,NOME,ESPECIE_ID,CICLO_ID) VALUES (16, ' Prunus domestica ' ,16,16);
INSERT INTO VARIEDADE (ID,NOME,ESPECIE_ID,CICLO_ID) VALUES (17, ' Prunus domestica ' ,17,17);
INSERT INTO VARIEDADE (ID,NOME,ESPECIE_ID,CICLO_ID) VALUES (18, ' Prunus domestica ' ,18,18);
INSERT INTO VARIEDADE (ID,NOME,ESPECIE_ID,CICLO_ID) VALUES (19, ' Prunus domestica ' ,19,19);
INSERT INTO VARIEDADE (ID,NOME,ESPECIE_ID,CICLO_ID) VALUES (20, ' Prunus domestica ' ,20,20);
INSERT INTO VARIEDADE (ID,NOME,ESPECIE_ID,CICLO_ID) VALUES (21, ' Prunus domestica ' ,21,21);
INSERT INTO VARIEDADE (ID,NOME,ESPECIE_ID,CICLO_ID) VALUES (22, ' Prunus domestica ' ,22,22);
INSERT INTO VARIEDADE (ID,NOME,ESPECIE_ID,CICLO_ID) VALUES (23, ' Prunus domestica ' ,23,23);
INSERT INTO VARIEDADE (ID,NOME,ESPECIE_ID,CICLO_ID) VALUES (24, ' Prunus domestica ' ,24,24);
INSERT INTO VARIEDADE (ID,NOME,ESPECIE_ID,CICLO_ID) VALUES (25, ' Prunus domestica ' ,25,25);
INSERT INTO VARIEDADE (ID,NOME,ESPECIE_ID,CICLO_ID) VALUES (26, ' Prunus armeniaca ' ,26,26);
INSERT INTO VARIEDADE (ID,NOME,ESPECIE_ID,CICLO_ID) VALUES (27, ' Prunus armeniaca ' ,27,27);
INSERT INTO VARIEDADE (ID,NOME,ESPECIE_ID,CICLO_ID) VALUES (28, ' Prunus armeniaca ' ,28,28);
INSERT INTO VARIEDADE (ID,NOME,ESPECIE_ID,CICLO_ID) VALUES (29, ' Prunus armeniaca ' ,29,29);
INSERT INTO VARIEDADE (ID,NOME,ESPECIE_ID,CICLO_ID) VALUES (30, ' Prunus armeniaca ' ,30,30);
INSERT INTO VARIEDADE (ID,NOME,ESPECIE_ID,CICLO_ID) VALUES (31, ' Malus domestica ' ,31,31);
INSERT INTO VARIEDADE (ID,NOME,ESPECIE_ID,CICLO_ID) VALUES (32, ' Malus domestica ' ,32,32);
INSERT INTO VARIEDADE (ID,NOME,ESPECIE_ID,CICLO_ID) VALUES (33, ' Malus domestica ' ,33,33);
INSERT INTO VARIEDADE (ID,NOME,ESPECIE_ID,CICLO_ID) VALUES (34, ' Malus domestica ' ,34,34);
INSERT INTO VARIEDADE (ID,NOME,ESPECIE_ID,CICLO_ID) VALUES (35, ' Malus domestica ' ,35,35);
INSERT INTO VARIEDADE (ID,NOME,ESPECIE_ID,CICLO_ID) VALUES (36, ' Malus domestica ' ,36,36);
INSERT INTO VARIEDADE (ID,NOME,ESPECIE_ID,CICLO_ID) VALUES (37, ' Malus domestica ' ,37,37);
INSERT INTO VARIEDADE (ID,NOME,ESPECIE_ID,CICLO_ID) VALUES (38, ' Malus domestica ' ,38,38);
INSERT INTO VARIEDADE (ID,NOME,ESPECIE_ID,CICLO_ID) VALUES (39, ' Malus domestica ' ,39,39);
INSERT INTO VARIEDADE (ID,NOME,ESPECIE_ID,CICLO_ID) VALUES (40, ' Malus domestica ' ,40,40);
INSERT INTO VARIEDADE (ID,NOME,ESPECIE_ID,CICLO_ID) VALUES (41, ' Malus domestica ' ,41,41);
INSERT INTO VARIEDADE (ID,NOME,ESPECIE_ID,CICLO_ID) VALUES (42, ' Malus domestica ' ,42,42);
INSERT INTO VARIEDADE (ID,NOME,ESPECIE_ID,CICLO_ID) VALUES (43, ' Malus domestica ' ,43,43);
INSERT INTO VARIEDADE (ID,NOME,ESPECIE_ID,CICLO_ID) VALUES (44, ' Malus domestica ' ,44,44);
INSERT INTO VARIEDADE (ID,NOME,ESPECIE_ID,CICLO_ID) VALUES (45, ' Malus domestica ' ,45,45);
INSERT INTO VARIEDADE (ID,NOME,ESPECIE_ID,CICLO_ID) VALUES (46, ' Malus domestica ' ,46,46);
INSERT INTO VARIEDADE (ID,NOME,ESPECIE_ID,CICLO_ID) VALUES (47, ' Malus domestica ' ,47,47);
INSERT INTO VARIEDADE (ID,NOME,ESPECIE_ID,CICLO_ID) VALUES (48, ' Malus domestica ' ,48,48);
INSERT INTO VARIEDADE (ID,NOME,ESPECIE_ID,CICLO_ID) VALUES (49, ' Malus domestica ' ,49,49);
INSERT INTO VARIEDADE (ID,NOME,ESPECIE_ID,CICLO_ID) VALUES (50, ' Malus domestica ' ,50,50);
INSERT INTO VARIEDADE (ID,NOME,ESPECIE_ID,CICLO_ID) VALUES (51, ' Malus domestica ' ,51,51);
INSERT INTO VARIEDADE (ID,NOME,ESPECIE_ID,CICLO_ID) VALUES (52, ' Malus domestica ' ,52,52);
INSERT INTO VARIEDADE (ID,NOME,ESPECIE_ID,CICLO_ID) VALUES (53, ' Malus domestica ' ,53,53);
INSERT INTO VARIEDADE (ID,NOME,ESPECIE_ID,CICLO_ID) VALUES (54, ' Malus domestica ' ,54,54);
INSERT INTO VARIEDADE (ID,NOME,ESPECIE_ID,CICLO_ID) VALUES (55, ' Malus domestica ' ,55,55);
INSERT INTO VARIEDADE (ID,NOME,ESPECIE_ID,CICLO_ID) VALUES (56, ' Malus domestica ' ,56,56);
INSERT INTO VARIEDADE (ID,NOME,ESPECIE_ID,CICLO_ID) VALUES (57, ' Malus domestica ' ,57,57);
INSERT INTO VARIEDADE (ID,NOME,ESPECIE_ID,CICLO_ID) VALUES (58, ' Malus domestica ' ,58,58);
INSERT INTO VARIEDADE (ID,NOME,ESPECIE_ID,CICLO_ID) VALUES (59, ' Malus domestica ' ,59,59);
INSERT INTO VARIEDADE (ID,NOME,ESPECIE_ID,CICLO_ID) VALUES (60, ' Malus domestica ' ,60,60);
INSERT INTO VARIEDADE (ID,NOME,ESPECIE_ID,CICLO_ID) VALUES (61, ' Malus domestica ' ,61,61);
INSERT INTO VARIEDADE (ID,NOME,ESPECIE_ID,CICLO_ID) VALUES (62, ' Malus domestica ' ,62,62);
INSERT INTO VARIEDADE (ID,NOME,ESPECIE_ID,CICLO_ID) VALUES (63, ' Malus domestica ' ,63,63);
INSERT INTO VARIEDADE (ID,NOME,ESPECIE_ID,CICLO_ID) VALUES (64, ' Malus domestica ' ,64,64);
INSERT INTO VARIEDADE (ID,NOME,ESPECIE_ID,CICLO_ID) VALUES (65, ' Malus domestica ' ,65,65);
INSERT INTO VARIEDADE (ID,NOME,ESPECIE_ID,CICLO_ID) VALUES (66, ' Malus domestica ' ,66,66);
INSERT INTO VARIEDADE (ID,NOME,ESPECIE_ID,CICLO_ID) VALUES (67, ' Malus domestica ' ,67,67);
INSERT INTO VARIEDADE (ID,NOME,ESPECIE_ID,CICLO_ID) VALUES (68, ' Pyrus pyrifolia ' ,68,68);
INSERT INTO VARIEDADE (ID,NOME,ESPECIE_ID,CICLO_ID) VALUES (69, ' Pyrus pyrifolia ' ,69,69);
INSERT INTO VARIEDADE (ID,NOME,ESPECIE_ID,CICLO_ID) VALUES (70, ' Pyrus pyrifolia ' ,70,70);
INSERT INTO VARIEDADE (ID,NOME,ESPECIE_ID,CICLO_ID) VALUES (71, ' Pyrus pyrifolia ' ,71,71);
INSERT INTO VARIEDADE (ID,NOME,ESPECIE_ID,CICLO_ID) VALUES (72, ' Daucus carota subsp. Sativus ' ,72,72);
INSERT INTO VARIEDADE (ID,NOME,ESPECIE_ID,CICLO_ID) VALUES (73, ' Daucus carota subsp. Sativus ' ,73,73);
INSERT INTO VARIEDADE (ID,NOME,ESPECIE_ID,CICLO_ID) VALUES (74, ' Daucus carota subsp. Sativus ' ,74,74);
INSERT INTO VARIEDADE (ID,NOME,ESPECIE_ID,CICLO_ID) VALUES (75, ' Daucus carota subsp. Sativus ' ,75,75);
INSERT INTO VARIEDADE (ID,NOME,ESPECIE_ID,CICLO_ID) VALUES (76, ' Daucus carota subsp. Sativus ' ,76,76);
INSERT INTO VARIEDADE (ID,NOME,ESPECIE_ID,CICLO_ID) VALUES (77, ' Daucus carota subsp. Sativus ' ,77,77);
INSERT INTO VARIEDADE (ID,NOME,ESPECIE_ID,CICLO_ID) VALUES (78, ' Daucus carota subsp. Sativus ' ,78,78);
INSERT INTO VARIEDADE (ID,NOME,ESPECIE_ID,CICLO_ID) VALUES (79, ' Lupinus luteus ' ,79,79);
INSERT INTO VARIEDADE (ID,NOME,ESPECIE_ID,CICLO_ID) VALUES (80, ' Lupinus albus ' ,80,80);
INSERT INTO VARIEDADE (ID,NOME,ESPECIE_ID,CICLO_ID) VALUES (81, ' Zea mays ' ,81,81);
INSERT INTO VARIEDADE (ID,NOME,ESPECIE_ID,CICLO_ID) VALUES (82, ' Zea mays ' ,82,82);
INSERT INTO VARIEDADE (ID,NOME,ESPECIE_ID,CICLO_ID) VALUES (83, ' Brassica rapa ' ,83,83);
INSERT INTO VARIEDADE (ID,NOME,ESPECIE_ID,CICLO_ID) VALUES (84, ' Olea europaea ' ,84,84);
INSERT INTO VARIEDADE (ID,NOME,ESPECIE_ID,CICLO_ID) VALUES (85, ' Olea europaea ' ,85,85);
INSERT INTO VARIEDADE (ID,NOME,ESPECIE_ID,CICLO_ID) VALUES (86, ' Olea europaea ' ,86,86);
INSERT INTO VARIEDADE (ID,NOME,ESPECIE_ID,CICLO_ID) VALUES (87, ' Olea europaea ' ,87,87);
INSERT INTO VARIEDADE (ID,NOME,ESPECIE_ID,CICLO_ID) VALUES (88, ' Olea europaea ' ,88,88);
INSERT INTO VARIEDADE (ID,NOME,ESPECIE_ID,CICLO_ID) VALUES (89, ' Olea europaea ' ,89,89);
INSERT INTO VARIEDADE (ID,NOME,ESPECIE_ID,CICLO_ID) VALUES (90, ' Olea europaea ' ,90,90);
INSERT INTO VARIEDADE (ID,NOME,ESPECIE_ID,CICLO_ID) VALUES (91, ' Olea europaea ' ,91,91);
INSERT INTO VARIEDADE (ID,NOME,ESPECIE_ID,CICLO_ID) VALUES (92, ' Brassica rapa L. ' ,92,92);
