INSERT INTO TIPO_CONSUMO (ID,TIPO) VALUES (0,'UNIDENTIFIED');

INSERT INTO Especie (id , nome_comum,nome_cientifico,tipo_consumo_id ) VALUES (0, ' Ameixoeira ' , ' Prunus domestica ' ,0);
INSERT INTO Especie (id , nome_comum,nome_cientifico,tipo_consumo_id ) VALUES (1, ' Ameixoeira ' , ' Prunus domestica ' ,0);
INSERT INTO Especie (id , nome_comum,nome_cientifico,tipo_consumo_id ) VALUES (2, ' Ameixoeira ' , ' Prunus domestica ' ,0);
INSERT INTO Especie (id , nome_comum,nome_cientifico,tipo_consumo_id ) VALUES (3, ' Ameixoeira ' , ' Prunus domestica ' ,0);
INSERT INTO Especie (id , nome_comum,nome_cientifico,tipo_consumo_id ) VALUES (4, ' Ameixoeira ' , ' Prunus domestica ' ,0);
INSERT INTO Especie (id , nome_comum,nome_cientifico,tipo_consumo_id ) VALUES (5, ' Ameixoeira ' , ' Prunus domestica ' ,0);
INSERT INTO Especie (id , nome_comum,nome_cientifico,tipo_consumo_id ) VALUES (6, ' Ameixoeira ' , ' Prunus domestica ' ,0);
INSERT INTO Especie (id , nome_comum,nome_cientifico,tipo_consumo_id ) VALUES (7, ' Ameixoeira ' , ' Prunus domestica ' ,0);
INSERT INTO Especie (id , nome_comum,nome_cientifico,tipo_consumo_id ) VALUES (8, ' Ameixoeira ' , ' Prunus domestica ' ,0);
INSERT INTO Especie (id , nome_comum,nome_cientifico,tipo_consumo_id ) VALUES (9, ' Ameixoeira ' , ' Prunus domestica ' ,0);
INSERT INTO Especie (id , nome_comum,nome_cientifico,tipo_consumo_id ) VALUES (10, ' Ameixoeira ' , ' Prunus domestica ' ,0);
INSERT INTO Especie (id , nome_comum,nome_cientifico,tipo_consumo_id ) VALUES (11, ' Ameixoeira ' , ' Prunus domestica ' ,0);
INSERT INTO Especie (id , nome_comum,nome_cientifico,tipo_consumo_id ) VALUES (12, ' Ameixoeira ' , ' Prunus domestica ' ,0);
INSERT INTO Especie (id , nome_comum,nome_cientifico,tipo_consumo_id ) VALUES (13, ' Ameixoeira ' , ' Prunus domestica ' ,0);
INSERT INTO Especie (id , nome_comum,nome_cientifico,tipo_consumo_id ) VALUES (14, ' Ameixoeira ' , ' Prunus domestica ' ,0);
INSERT INTO Especie (id , nome_comum,nome_cientifico,tipo_consumo_id ) VALUES (15, ' Ameixoeira ' , ' Prunus domestica ' ,0);
INSERT INTO Especie (id , nome_comum,nome_cientifico,tipo_consumo_id ) VALUES (16, ' Ameixoeira ' , ' Prunus domestica ' ,0);
INSERT INTO Especie (id , nome_comum,nome_cientifico,tipo_consumo_id ) VALUES (17, ' Ameixoeira ' , ' Prunus domestica ' ,0);
INSERT INTO Especie (id , nome_comum,nome_cientifico,tipo_consumo_id ) VALUES (18, ' Ameixoeira ' , ' Prunus domestica ' ,0);
INSERT INTO Especie (id , nome_comum,nome_cientifico,tipo_consumo_id ) VALUES (19, ' Ameixoeira ' , ' Prunus domestica ' ,0);
INSERT INTO Especie (id , nome_comum,nome_cientifico,tipo_consumo_id ) VALUES (20, ' Ameixoeira ' , ' Prunus domestica ' ,0);
INSERT INTO Especie (id , nome_comum,nome_cientifico,tipo_consumo_id ) VALUES (21, ' Ameixoeira ' , ' Prunus domestica ' ,0);
INSERT INTO Especie (id , nome_comum,nome_cientifico,tipo_consumo_id ) VALUES (22, ' Ameixoeira ' , ' Prunus domestica ' ,0);
INSERT INTO Especie (id , nome_comum,nome_cientifico,tipo_consumo_id ) VALUES (23, ' Ameixoeira ' , ' Prunus domestica ' ,0);
INSERT INTO Especie (id , nome_comum,nome_cientifico,tipo_consumo_id ) VALUES (24, ' Ameixoeira ' , ' Prunus domestica ' ,0);
INSERT INTO Especie (id , nome_comum,nome_cientifico,tipo_consumo_id ) VALUES (25, ' Ameixoeira ' , ' Prunus domestica ' ,0);
INSERT INTO Especie (id , nome_comum,nome_cientifico,tipo_consumo_id ) VALUES (26, ' Damasqueiro ' , ' Prunus armeniaca ' ,0);
INSERT INTO Especie (id , nome_comum,nome_cientifico,tipo_consumo_id ) VALUES (27, ' Damasqueiro ' , ' Prunus armeniaca ' ,0);
INSERT INTO Especie (id , nome_comum,nome_cientifico,tipo_consumo_id ) VALUES (28, ' Damasqueiro ' , ' Prunus armeniaca ' ,0);
INSERT INTO Especie (id , nome_comum,nome_cientifico,tipo_consumo_id ) VALUES (29, ' Damasqueiro ' , ' Prunus armeniaca ' ,0);
INSERT INTO Especie (id , nome_comum,nome_cientifico,tipo_consumo_id ) VALUES (30, ' Damasqueiro ' , ' Prunus armeniaca ' ,0);
INSERT INTO Especie (id , nome_comum,nome_cientifico,tipo_consumo_id ) VALUES (31, ' Macieira ' , ' Malus domestica ' ,0);
INSERT INTO Especie (id , nome_comum,nome_cientifico,tipo_consumo_id ) VALUES (32, ' Macieira ' , ' Malus domestica ' ,0);
INSERT INTO Especie (id , nome_comum,nome_cientifico,tipo_consumo_id ) VALUES (33, ' Macieira ' , ' Malus domestica ' ,0);
INSERT INTO Especie (id , nome_comum,nome_cientifico,tipo_consumo_id ) VALUES (34, ' Macieira ' , ' Malus domestica ' ,0);
INSERT INTO Especie (id , nome_comum,nome_cientifico,tipo_consumo_id ) VALUES (35, ' Macieira ' , ' Malus domestica ' ,0);
INSERT INTO Especie (id , nome_comum,nome_cientifico,tipo_consumo_id ) VALUES (36, ' Macieira ' , ' Malus domestica ' ,0);
INSERT INTO Especie (id , nome_comum,nome_cientifico,tipo_consumo_id ) VALUES (37, ' Macieira ' , ' Malus domestica ' ,0);
INSERT INTO Especie (id , nome_comum,nome_cientifico,tipo_consumo_id ) VALUES (38, ' Macieira ' , ' Malus domestica ' ,0);
INSERT INTO Especie (id , nome_comum,nome_cientifico,tipo_consumo_id ) VALUES (39, ' Macieira ' , ' Malus domestica ' ,0);
INSERT INTO Especie (id , nome_comum,nome_cientifico,tipo_consumo_id ) VALUES (40, ' Macieira ' , ' Malus domestica ' ,0);
INSERT INTO Especie (id , nome_comum,nome_cientifico,tipo_consumo_id ) VALUES (41, ' Macieira ' , ' Malus domestica ' ,0);
INSERT INTO Especie (id , nome_comum,nome_cientifico,tipo_consumo_id ) VALUES (42, ' Macieira ' , ' Malus domestica ' ,0);
INSERT INTO Especie (id , nome_comum,nome_cientifico,tipo_consumo_id ) VALUES (43, ' Macieira ' , ' Malus domestica ' ,0);
INSERT INTO Especie (id , nome_comum,nome_cientifico,tipo_consumo_id ) VALUES (44, ' Macieira ' , ' Malus domestica ' ,0);
INSERT INTO Especie (id , nome_comum,nome_cientifico,tipo_consumo_id ) VALUES (45, ' Macieira ' , ' Malus domestica ' ,0);
INSERT INTO Especie (id , nome_comum,nome_cientifico,tipo_consumo_id ) VALUES (46, ' Macieira ' , ' Malus domestica ' ,0);
INSERT INTO Especie (id , nome_comum,nome_cientifico,tipo_consumo_id ) VALUES (47, ' Macieira ' , ' Malus domestica ' ,0);
INSERT INTO Especie (id , nome_comum,nome_cientifico,tipo_consumo_id ) VALUES (48, ' Macieira ' , ' Malus domestica ' ,0);
INSERT INTO Especie (id , nome_comum,nome_cientifico,tipo_consumo_id ) VALUES (49, ' Macieira ' , ' Malus domestica ' ,0);
INSERT INTO Especie (id , nome_comum,nome_cientifico,tipo_consumo_id ) VALUES (50, ' Macieira ' , ' Malus domestica ' ,0);
INSERT INTO Especie (id , nome_comum,nome_cientifico,tipo_consumo_id ) VALUES (51, ' Macieira ' , ' Malus domestica ' ,0);
INSERT INTO Especie (id , nome_comum,nome_cientifico,tipo_consumo_id ) VALUES (52, ' Macieira ' , ' Malus domestica ' ,0);
INSERT INTO Especie (id , nome_comum,nome_cientifico,tipo_consumo_id ) VALUES (53, ' Macieira ' , ' Malus domestica ' ,0);
INSERT INTO Especie (id , nome_comum,nome_cientifico,tipo_consumo_id ) VALUES (54, ' Macieira ' , ' Malus domestica ' ,0);
INSERT INTO Especie (id , nome_comum,nome_cientifico,tipo_consumo_id ) VALUES (55, ' Macieira ' , ' Malus domestica ' ,0);
INSERT INTO Especie (id , nome_comum,nome_cientifico,tipo_consumo_id ) VALUES (56, ' Macieira ' , ' Malus domestica ' ,0);
INSERT INTO Especie (id , nome_comum,nome_cientifico,tipo_consumo_id ) VALUES (57, ' Macieira ' , ' Malus domestica ' ,0);
INSERT INTO Especie (id , nome_comum,nome_cientifico,tipo_consumo_id ) VALUES (58, ' Macieira ' , ' Malus domestica ' ,0);
INSERT INTO Especie (id , nome_comum,nome_cientifico,tipo_consumo_id ) VALUES (59, ' Macieira ' , ' Malus domestica ' ,0);
INSERT INTO Especie (id , nome_comum,nome_cientifico,tipo_consumo_id ) VALUES (60, ' Macieira ' , ' Malus domestica ' ,0);
INSERT INTO Especie (id , nome_comum,nome_cientifico,tipo_consumo_id ) VALUES (61, ' Macieira ' , ' Malus domestica ' ,0);
INSERT INTO Especie (id , nome_comum,nome_cientifico,tipo_consumo_id ) VALUES (62, ' Macieira ' , ' Malus domestica ' ,0);
INSERT INTO Especie (id , nome_comum,nome_cientifico,tipo_consumo_id ) VALUES (63, ' Macieira ' , ' Malus domestica ' ,0);
INSERT INTO Especie (id , nome_comum,nome_cientifico,tipo_consumo_id ) VALUES (64, ' Macieira ' , ' Malus domestica ' ,0);
INSERT INTO Especie (id , nome_comum,nome_cientifico,tipo_consumo_id ) VALUES (65, ' Macieira ' , ' Malus domestica ' ,0);
INSERT INTO Especie (id , nome_comum,nome_cientifico,tipo_consumo_id ) VALUES (66, ' Macieira ' , ' Malus domestica ' ,0);
INSERT INTO Especie (id , nome_comum,nome_cientifico,tipo_consumo_id ) VALUES (67, ' Macieira ' , ' Malus domestica ' ,0);
INSERT INTO Especie (id , nome_comum,nome_cientifico,tipo_consumo_id ) VALUES (68, ' Pera Nashi ' , ' Pyrus pyrifolia ' ,0);
INSERT INTO Especie (id , nome_comum,nome_cientifico,tipo_consumo_id ) VALUES (69, ' Pera Nashi ' , ' Pyrus pyrifolia ' ,0);
INSERT INTO Especie (id , nome_comum,nome_cientifico,tipo_consumo_id ) VALUES (70, ' Pera Nashi ' , ' Pyrus pyrifolia ' ,0);
INSERT INTO Especie (id , nome_comum,nome_cientifico,tipo_consumo_id ) VALUES (71, ' Pera Nashi ' , ' Pyrus pyrifolia ' ,0);
INSERT INTO Especie (id , nome_comum,nome_cientifico,tipo_consumo_id ) VALUES (72, ' Cenoura ' , ' Daucus carota subsp. Sativus ' ,0);
INSERT INTO Especie (id , nome_comum,nome_cientifico,tipo_consumo_id ) VALUES (73, ' Cenoura ' , ' Daucus carota subsp. Sativus ' ,0);
INSERT INTO Especie (id , nome_comum,nome_cientifico,tipo_consumo_id ) VALUES (74, ' Cenoura ' , ' Daucus carota subsp. Sativus ' ,0);
INSERT INTO Especie (id , nome_comum,nome_cientifico,tipo_consumo_id ) VALUES (75, ' Cenoura ' , ' Daucus carota subsp. Sativus ' ,0);
INSERT INTO Especie (id , nome_comum,nome_cientifico,tipo_consumo_id ) VALUES (76, ' Cenoura ' , ' Daucus carota subsp. Sativus ' ,0);
INSERT INTO Especie (id , nome_comum,nome_cientifico,tipo_consumo_id ) VALUES (77, ' Cenoura ' , ' Daucus carota subsp. Sativus ' ,0);
INSERT INTO Especie (id , nome_comum,nome_cientifico,tipo_consumo_id ) VALUES (78, ' Cenoura ' , ' Daucus carota subsp. Sativus ' ,0);
INSERT INTO Especie (id , nome_comum,nome_cientifico,tipo_consumo_id ) VALUES (79, ' Tremoço ' , ' Lupinus luteus ' ,0);
INSERT INTO Especie (id , nome_comum,nome_cientifico,tipo_consumo_id ) VALUES (80, ' Tremoço ' , ' Lupinus albus ' ,0);
INSERT INTO Especie (id , nome_comum,nome_cientifico,tipo_consumo_id ) VALUES (81, ' Milho ' , ' Zea mays ' ,0);
INSERT INTO Especie (id , nome_comum,nome_cientifico,tipo_consumo_id ) VALUES (82, ' Milho ' , ' Zea mays ' ,0);
INSERT INTO Especie (id , nome_comum,nome_cientifico,tipo_consumo_id ) VALUES (83, ' Nabo greleiro ' , ' Brassica rapa ' ,0);
INSERT INTO Especie (id , nome_comum,nome_cientifico,tipo_consumo_id ) VALUES (84, ' Oliveira ' , ' Olea europaea ' ,0);
INSERT INTO Especie (id , nome_comum,nome_cientifico,tipo_consumo_id ) VALUES (85, ' Oliveira ' , ' Olea europaea ' ,0);
INSERT INTO Especie (id , nome_comum,nome_cientifico,tipo_consumo_id ) VALUES (86, ' Oliveira ' , ' Olea europaea ' ,0);
INSERT INTO Especie (id , nome_comum,nome_cientifico,tipo_consumo_id ) VALUES (87, ' Oliveira ' , ' Olea europaea ' ,0);
INSERT INTO Especie (id , nome_comum,nome_cientifico,tipo_consumo_id ) VALUES (88, ' Oliveira ' , ' Olea europaea ' ,0);
INSERT INTO Especie (id , nome_comum,nome_cientifico,tipo_consumo_id ) VALUES (89, ' Oliveira ' , ' Olea europaea ' ,0);
INSERT INTO Especie (id , nome_comum,nome_cientifico,tipo_consumo_id ) VALUES (90, ' Oliveira ' , ' Olea europaea ' ,0);
INSERT INTO Especie (id , nome_comum,nome_cientifico,tipo_consumo_id ) VALUES (91, ' Oliveira ' , ' Olea europaea ' ,0);
INSERT INTO Especie (id , nome_comum,nome_cientifico,tipo_consumo_id ) VALUES (92, ' Nabo ' , ' Brassica rapa L. ' ,0);



INSERT INTO CICLO (ID) VALUES (0);
INSERT INTO CICLO (ID) VALUES (1);
INSERT INTO CICLO (ID) VALUES (2);
INSERT INTO CICLO (ID) VALUES (3);
INSERT INTO CICLO (ID) VALUES (4);
INSERT INTO CICLO (ID) VALUES (5);
INSERT INTO CICLO (ID) VALUES (6);
INSERT INTO CICLO (ID) VALUES (7);
INSERT INTO CICLO (ID) VALUES (8);
INSERT INTO CICLO (ID) VALUES (9);
INSERT INTO CICLO (ID) VALUES (10);
INSERT INTO CICLO (ID) VALUES (11);
INSERT INTO CICLO (ID) VALUES (12);
INSERT INTO CICLO (ID) VALUES (13);
INSERT INTO CICLO (ID) VALUES (14);
INSERT INTO CICLO (ID) VALUES (15);
INSERT INTO CICLO (ID) VALUES (16);
INSERT INTO CICLO (ID) VALUES (17);
INSERT INTO CICLO (ID) VALUES (18);
INSERT INTO CICLO (ID) VALUES (19);
INSERT INTO CICLO (ID) VALUES (20);
INSERT INTO CICLO (ID) VALUES (21);
INSERT INTO CICLO (ID) VALUES (22);
INSERT INTO CICLO (ID) VALUES (23);
INSERT INTO CICLO (ID) VALUES (24);
INSERT INTO CICLO (ID) VALUES (25);
INSERT INTO CICLO (ID) VALUES (26);
INSERT INTO CICLO (ID) VALUES (27);
INSERT INTO CICLO (ID) VALUES (28);
INSERT INTO CICLO (ID) VALUES (29);
INSERT INTO CICLO (ID) VALUES (30);
INSERT INTO CICLO (ID) VALUES (31);
INSERT INTO CICLO (ID) VALUES (32);
INSERT INTO CICLO (ID) VALUES (33);
INSERT INTO CICLO (ID) VALUES (34);
INSERT INTO CICLO (ID) VALUES (35);
INSERT INTO CICLO (ID) VALUES (36);
INSERT INTO CICLO (ID) VALUES (37);
INSERT INTO CICLO (ID) VALUES (38);
INSERT INTO CICLO (ID) VALUES (39);
INSERT INTO CICLO (ID) VALUES (40);
INSERT INTO CICLO (ID) VALUES (41);
INSERT INTO CICLO (ID) VALUES (42);
INSERT INTO CICLO (ID) VALUES (43);
INSERT INTO CICLO (ID) VALUES (44);
INSERT INTO CICLO (ID) VALUES (45);
INSERT INTO CICLO (ID) VALUES (46);
INSERT INTO CICLO (ID) VALUES (47);
INSERT INTO CICLO (ID) VALUES (48);
INSERT INTO CICLO (ID) VALUES (49);
INSERT INTO CICLO (ID) VALUES (50);
INSERT INTO CICLO (ID) VALUES (51);
INSERT INTO CICLO (ID) VALUES (52);
INSERT INTO CICLO (ID) VALUES (53);
INSERT INTO CICLO (ID) VALUES (54);
INSERT INTO CICLO (ID) VALUES (55);
INSERT INTO CICLO (ID) VALUES (56);
INSERT INTO CICLO (ID) VALUES (57);
INSERT INTO CICLO (ID) VALUES (58);
INSERT INTO CICLO (ID) VALUES (59);
INSERT INTO CICLO (ID) VALUES (60);
INSERT INTO CICLO (ID) VALUES (61);
INSERT INTO CICLO (ID) VALUES (62);
INSERT INTO CICLO (ID) VALUES (63);
INSERT INTO CICLO (ID) VALUES (64);
INSERT INTO CICLO (ID) VALUES (65);
INSERT INTO CICLO (ID) VALUES (66);
INSERT INTO CICLO (ID) VALUES (67);
INSERT INTO CICLO (ID) VALUES (68);
INSERT INTO CICLO (ID) VALUES (69);
INSERT INTO CICLO (ID) VALUES (70);
INSERT INTO CICLO (ID) VALUES (71);
INSERT INTO CICLO (ID) VALUES (72);
INSERT INTO CICLO (ID) VALUES (73);
INSERT INTO CICLO (ID) VALUES (74);
INSERT INTO CICLO (ID) VALUES (75);
INSERT INTO CICLO (ID) VALUES (76);
INSERT INTO CICLO (ID) VALUES (77);
INSERT INTO CICLO (ID) VALUES (78);
INSERT INTO CICLO (ID) VALUES (79);
INSERT INTO CICLO (ID) VALUES (80);
INSERT INTO CICLO (ID) VALUES (81);
INSERT INTO CICLO (ID) VALUES (82);
INSERT INTO CICLO (ID) VALUES (83);
INSERT INTO CICLO (ID) VALUES (84);
INSERT INTO CICLO (ID) VALUES (85);
INSERT INTO CICLO (ID) VALUES (86);
INSERT INTO CICLO (ID) VALUES (87);
INSERT INTO CICLO (ID) VALUES (88);
INSERT INTO CICLO (ID) VALUES (89);
INSERT INTO CICLO (ID) VALUES (90);
INSERT INTO CICLO (ID) VALUES (91);
INSERT INTO CICLO (ID) VALUES (92);


INSERT INTO CICLO_PERMANENTE (CICLO_ID,FASE_PODA,FASE_FLORACAO,FASE_COLHEITA) VALUES (0, ' Novembro a dezembro ' , ' Fevereiro a março ' , ' Julho a agosto ' );
INSERT INTO CICLO_PERMANENTE (CICLO_ID,FASE_PODA,FASE_FLORACAO,FASE_COLHEITA) VALUES (1, ' Novembro a dezembro ' , ' Fevereiro a março ' , ' Julho a agosto ' );
INSERT INTO CICLO_PERMANENTE (CICLO_ID,FASE_PODA,FASE_FLORACAO,FASE_COLHEITA) VALUES (2, ' Novembro a dezembro ' , ' Fevereiro a março ' , ' Julho a agosto ' );
INSERT INTO CICLO_PERMANENTE (CICLO_ID,FASE_PODA,FASE_FLORACAO,FASE_COLHEITA) VALUES (3, ' Novembro a dezembro ' , ' Fevereiro a março ' , ' Julho a agosto ' );
INSERT INTO CICLO_PERMANENTE (CICLO_ID,FASE_PODA,FASE_FLORACAO,FASE_COLHEITA) VALUES (4, ' Novembro a dezembro ' , ' Fevereiro a março ' , ' Julho a agosto ' );
INSERT INTO CICLO_PERMANENTE (CICLO_ID,FASE_PODA,FASE_FLORACAO,FASE_COLHEITA) VALUES (5, ' Novembro a dezembro ' , ' Fevereiro a março ' , ' Julho a agosto ' );
INSERT INTO CICLO_PERMANENTE (CICLO_ID,FASE_PODA,FASE_FLORACAO,FASE_COLHEITA) VALUES (6, ' Novembro a dezembro ' , ' Fevereiro a março ' , ' Julho a agosto ' );
INSERT INTO CICLO_PERMANENTE (CICLO_ID,FASE_PODA,FASE_FLORACAO,FASE_COLHEITA) VALUES (7, ' Novembro a dezembro ' , ' Fevereiro a março ' , ' Julho a agosto ' );
INSERT INTO CICLO_PERMANENTE (CICLO_ID,FASE_PODA,FASE_FLORACAO,FASE_COLHEITA) VALUES (8, ' Novembro a dezembro ' , ' Fevereiro a março ' , ' Julho a agosto ' );
INSERT INTO CICLO_PERMANENTE (CICLO_ID,FASE_PODA,FASE_FLORACAO,FASE_COLHEITA) VALUES (9, ' Novembro a dezembro ' , ' Fevereiro a março ' , ' Julho a agosto ' );
INSERT INTO CICLO_PERMANENTE (CICLO_ID,FASE_PODA,FASE_FLORACAO,FASE_COLHEITA) VALUES (10, ' Novembro a dezembro ' , ' Fevereiro a março ' , ' Julho a agosto ' );
INSERT INTO CICLO_PERMANENTE (CICLO_ID,FASE_PODA,FASE_FLORACAO,FASE_COLHEITA) VALUES (11, ' Novembro a dezembro ' , ' Fevereiro a março ' , ' Julho a agosto ' );
INSERT INTO CICLO_PERMANENTE (CICLO_ID,FASE_PODA,FASE_FLORACAO,FASE_COLHEITA) VALUES (12, ' Novembro a dezembro ' , ' Fevereiro a março ' , ' Julho a agosto ' );
INSERT INTO CICLO_PERMANENTE (CICLO_ID,FASE_PODA,FASE_FLORACAO,FASE_COLHEITA) VALUES (13, ' Novembro a dezembro ' , ' Fevereiro a março ' , ' Julho a agosto ' );
INSERT INTO CICLO_PERMANENTE (CICLO_ID,FASE_PODA,FASE_FLORACAO,FASE_COLHEITA) VALUES (14, ' Novembro a dezembro ' , ' Fevereiro a março ' , ' Julho a agosto ' );
INSERT INTO CICLO_PERMANENTE (CICLO_ID,FASE_PODA,FASE_FLORACAO,FASE_COLHEITA) VALUES (15, ' Novembro a dezembro ' , ' Fevereiro a março ' , ' Julho a agosto ' );
INSERT INTO CICLO_PERMANENTE (CICLO_ID,FASE_PODA,FASE_FLORACAO,FASE_COLHEITA) VALUES (16, ' Novembro a dezembro ' , ' Fevereiro a março ' , ' Julho a agosto ' );
INSERT INTO CICLO_PERMANENTE (CICLO_ID,FASE_PODA,FASE_FLORACAO,FASE_COLHEITA) VALUES (17, ' Novembro a dezembro ' , ' Fevereiro a março ' , ' Julho a agosto ' );
INSERT INTO CICLO_PERMANENTE (CICLO_ID,FASE_PODA,FASE_FLORACAO,FASE_COLHEITA) VALUES (18, ' Novembro a dezembro ' , ' Fevereiro a março ' , ' Julho a agosto ' );
INSERT INTO CICLO_PERMANENTE (CICLO_ID,FASE_PODA,FASE_FLORACAO,FASE_COLHEITA) VALUES (19, ' Novembro a dezembro ' , ' Fevereiro a março ' , ' Julho a agosto ' );
INSERT INTO CICLO_PERMANENTE (CICLO_ID,FASE_PODA,FASE_FLORACAO,FASE_COLHEITA) VALUES (20, ' Novembro a dezembro ' , ' Fevereiro a março ' , ' Julho a agosto ' );
INSERT INTO CICLO_PERMANENTE (CICLO_ID,FASE_PODA,FASE_FLORACAO,FASE_COLHEITA) VALUES (21, ' Novembro a dezembro ' , ' Fevereiro a março ' , ' Julho a agosto ' );
INSERT INTO CICLO_PERMANENTE (CICLO_ID,FASE_PODA,FASE_FLORACAO,FASE_COLHEITA) VALUES (22, ' Novembro a dezembro ' , ' Fevereiro a março ' , ' Julho a agosto ' );
INSERT INTO CICLO_PERMANENTE (CICLO_ID,FASE_PODA,FASE_FLORACAO,FASE_COLHEITA) VALUES (23, ' Novembro a dezembro ' , ' Fevereiro a março ' , ' Julho a agosto ' );
INSERT INTO CICLO_PERMANENTE (CICLO_ID,FASE_PODA,FASE_FLORACAO,FASE_COLHEITA) VALUES (24, ' Novembro a dezembro ' , ' Fevereiro a março ' , ' Julho a agosto ' );
INSERT INTO CICLO_PERMANENTE (CICLO_ID,FASE_PODA,FASE_FLORACAO,FASE_COLHEITA) VALUES (25, ' Novembro a dezembro ' , ' Fevereiro a março ' , ' Julho a agosto ' );
INSERT INTO CICLO_PERMANENTE (CICLO_ID,FASE_PODA,FASE_FLORACAO,FASE_COLHEITA) VALUES (26, ' Novembro a dezembro ' , ' Fevereiro a março ' , ' Julho a agosto ' );
INSERT INTO CICLO_PERMANENTE (CICLO_ID,FASE_PODA,FASE_FLORACAO,FASE_COLHEITA) VALUES (27, ' Novembro a dezembro ' , ' Fevereiro a março ' , ' Julho a agosto ' );
INSERT INTO CICLO_PERMANENTE (CICLO_ID,FASE_PODA,FASE_FLORACAO,FASE_COLHEITA) VALUES (28, ' Novembro a dezembro ' , ' Fevereiro a março ' , ' Julho a agosto ' );
INSERT INTO CICLO_PERMANENTE (CICLO_ID,FASE_PODA,FASE_FLORACAO,FASE_COLHEITA) VALUES (29, ' Novembro a dezembro ' , ' Fevereiro a março ' , ' Julho a agosto ' );
INSERT INTO CICLO_PERMANENTE (CICLO_ID,FASE_PODA,FASE_FLORACAO,FASE_COLHEITA) VALUES (30, ' Novembro a dezembro ' , ' Fevereiro a março ' , ' Julho a agosto ' );
INSERT INTO CICLO_PERMANENTE (CICLO_ID,FASE_PODA,FASE_FLORACAO,FASE_COLHEITA) VALUES (31, ' Novembro a dezembro ' , ' Março a abril ' , ' Agosto a setembro ' );
INSERT INTO CICLO_PERMANENTE (CICLO_ID,FASE_PODA,FASE_FLORACAO,FASE_COLHEITA) VALUES (32, ' Novembro a dezembro ' , ' Março a abril ' , ' Agosto a setembro ' );
INSERT INTO CICLO_PERMANENTE (CICLO_ID,FASE_PODA,FASE_FLORACAO,FASE_COLHEITA) VALUES (33, ' Novembro a dezembro ' , ' Março a abril ' , ' Agosto a setembro ' );
INSERT INTO CICLO_PERMANENTE (CICLO_ID,FASE_PODA,FASE_FLORACAO,FASE_COLHEITA) VALUES (34, ' Novembro a dezembro ' , ' Março a abril ' , ' Agosto a setembro ' );
INSERT INTO CICLO_PERMANENTE (CICLO_ID,FASE_PODA,FASE_FLORACAO,FASE_COLHEITA) VALUES (35, ' Novembro a dezembro ' , ' Março a abril ' , ' Agosto a setembro ' );
INSERT INTO CICLO_PERMANENTE (CICLO_ID,FASE_PODA,FASE_FLORACAO,FASE_COLHEITA) VALUES (36, ' Novembro a dezembro ' , ' Março a abril ' , ' Agosto a setembro ' );
INSERT INTO CICLO_PERMANENTE (CICLO_ID,FASE_PODA,FASE_FLORACAO,FASE_COLHEITA) VALUES (37, ' Novembro a dezembro ' , ' Março a abril ' , ' Agosto a setembro ' );
INSERT INTO CICLO_PERMANENTE (CICLO_ID,FASE_PODA,FASE_FLORACAO,FASE_COLHEITA) VALUES (38, ' Novembro a dezembro ' , ' Março a abril ' , ' Agosto a setembro ' );
INSERT INTO CICLO_PERMANENTE (CICLO_ID,FASE_PODA,FASE_FLORACAO,FASE_COLHEITA) VALUES (39, ' Novembro a dezembro ' , ' Março a abril ' , ' Agosto a setembro ' );
INSERT INTO CICLO_PERMANENTE (CICLO_ID,FASE_PODA,FASE_FLORACAO,FASE_COLHEITA) VALUES (40, ' Novembro a dezembro ' , ' Março a abril ' , ' Agosto a setembro ' );
INSERT INTO CICLO_PERMANENTE (CICLO_ID,FASE_PODA,FASE_FLORACAO,FASE_COLHEITA) VALUES (41, ' Novembro a dezembro ' , ' Março a abril ' , ' Agosto a setembro ' );
INSERT INTO CICLO_PERMANENTE (CICLO_ID,FASE_PODA,FASE_FLORACAO,FASE_COLHEITA) VALUES (42, ' Novembro a dezembro ' , ' Março a abril ' , ' Agosto a setembro ' );
INSERT INTO CICLO_PERMANENTE (CICLO_ID,FASE_PODA,FASE_FLORACAO,FASE_COLHEITA) VALUES (43, ' Janeiro ' , ' Abril a maio ' , ' Novembro a dezembro ' );
INSERT INTO CICLO_PERMANENTE (CICLO_ID,FASE_PODA,FASE_FLORACAO,FASE_COLHEITA) VALUES (44, ' Novembro a dezembro ' , ' Março a abril ' , ' Agosto a setembro ' );
INSERT INTO CICLO_PERMANENTE (CICLO_ID,FASE_PODA,FASE_FLORACAO,FASE_COLHEITA) VALUES (45, ' Novembro a dezembro ' , ' Março a abril ' , ' Agosto a setembro ' );
INSERT INTO CICLO_PERMANENTE (CICLO_ID,FASE_PODA,FASE_FLORACAO,FASE_COLHEITA) VALUES (46, ' Novembro a dezembro ' , ' Março a abril ' , ' Agosto a setembro ' );
INSERT INTO CICLO_PERMANENTE (CICLO_ID,FASE_PODA,FASE_FLORACAO,FASE_COLHEITA) VALUES (47, ' Novembro a dezembro ' , ' Março a abril ' , ' Agosto a setembro ' );
INSERT INTO CICLO_PERMANENTE (CICLO_ID,FASE_PODA,FASE_FLORACAO,FASE_COLHEITA) VALUES (48, ' Novembro a dezembro ' , ' Março a abril ' , ' Agosto a setembro ' );
INSERT INTO CICLO_PERMANENTE (CICLO_ID,FASE_PODA,FASE_FLORACAO,FASE_COLHEITA) VALUES (49, ' Novembro a dezembro ' , ' Março a abril ' , ' Agosto a setembro ' );
INSERT INTO CICLO_PERMANENTE (CICLO_ID,FASE_PODA,FASE_FLORACAO,FASE_COLHEITA) VALUES (50, ' Novembro a dezembro ' , ' Março a abril ' , ' Agosto a setembro ' );
INSERT INTO CICLO_PERMANENTE (CICLO_ID,FASE_PODA,FASE_FLORACAO,FASE_COLHEITA) VALUES (51, ' Novembro a dezembro ' , ' Março a abril ' , ' Agosto a setembro ' );
INSERT INTO CICLO_PERMANENTE (CICLO_ID,FASE_PODA,FASE_FLORACAO,FASE_COLHEITA) VALUES (52, ' Novembro a dezembro ' , ' Março a abril ' , ' Agosto a setembro ' );
INSERT INTO CICLO_PERMANENTE (CICLO_ID,FASE_PODA,FASE_FLORACAO,FASE_COLHEITA) VALUES (53, ' Novembro a dezembro ' , ' Março a abril ' , ' Agosto a setembro ' );
INSERT INTO CICLO_PERMANENTE (CICLO_ID,FASE_PODA,FASE_FLORACAO,FASE_COLHEITA) VALUES (54, ' Novembro a dezembro ' , ' Março a abril ' , ' Agosto a setembro ' );
INSERT INTO CICLO_PERMANENTE (CICLO_ID,FASE_PODA,FASE_FLORACAO,FASE_COLHEITA) VALUES (55, ' Novembro a dezembro ' , ' Março a abril ' , ' Agosto a setembro ' );
INSERT INTO CICLO_PERMANENTE (CICLO_ID,FASE_PODA,FASE_FLORACAO,FASE_COLHEITA) VALUES (56, ' Novembro a dezembro ' , ' Março a abril ' , ' Agosto a setembro ' );
INSERT INTO CICLO_PERMANENTE (CICLO_ID,FASE_PODA,FASE_FLORACAO,FASE_COLHEITA) VALUES (57, ' Novembro a dezembro ' , ' Março a abril ' , ' Agosto a setembro ' );
INSERT INTO CICLO_PERMANENTE (CICLO_ID,FASE_PODA,FASE_FLORACAO,FASE_COLHEITA) VALUES (58, ' Novembro a dezembro ' , ' Março a abril ' , ' Agosto a setembro ' );
INSERT INTO CICLO_PERMANENTE (CICLO_ID,FASE_PODA,FASE_FLORACAO,FASE_COLHEITA) VALUES (59, ' Novembro a dezembro ' , ' Março a abril ' , ' Agosto a setembro ' );
INSERT INTO CICLO_PERMANENTE (CICLO_ID,FASE_PODA,FASE_FLORACAO,FASE_COLHEITA) VALUES (60, ' Novembro a dezembro ' , ' Março a abril ' , ' Agosto a setembro ' );
INSERT INTO CICLO_PERMANENTE (CICLO_ID,FASE_PODA,FASE_FLORACAO,FASE_COLHEITA) VALUES (61, ' Novembro a dezembro ' , ' Março a abril ' , ' Agosto a setembro ' );
INSERT INTO CICLO_PERMANENTE (CICLO_ID,FASE_PODA,FASE_FLORACAO,FASE_COLHEITA) VALUES (62, ' Novembro a dezembro ' , ' Março a abril ' , ' Agosto a setembro ' );
INSERT INTO CICLO_PERMANENTE (CICLO_ID,FASE_PODA,FASE_FLORACAO,FASE_COLHEITA) VALUES (63, ' Novembro a dezembro ' , ' Março a abril ' , ' Agosto a setembro ' );
INSERT INTO CICLO_PERMANENTE (CICLO_ID,FASE_PODA,FASE_FLORACAO,FASE_COLHEITA) VALUES (64, ' Novembro a dezembro ' , ' Março a abril ' , ' Agosto a setembro ' );
INSERT INTO CICLO_PERMANENTE (CICLO_ID,FASE_PODA,FASE_FLORACAO,FASE_COLHEITA) VALUES (65, ' Novembro a dezembro ' , ' Março a abril ' , ' Agosto a setembro ' );
INSERT INTO CICLO_PERMANENTE (CICLO_ID,FASE_PODA,FASE_FLORACAO,FASE_COLHEITA) VALUES (66, ' Novembro a dezembro ' , ' Março a abril ' , ' Agosto a setembro ' );
INSERT INTO CICLO_PERMANENTE (CICLO_ID,FASE_PODA,FASE_FLORACAO,FASE_COLHEITA) VALUES (67, ' Novembro a dezembro ' , ' Março a abril ' , ' Agosto a setembro ' );
INSERT INTO CICLO_PERMANENTE (CICLO_ID,FASE_PODA,FASE_FLORACAO,FASE_COLHEITA) VALUES (68, '  ' , '  ' , '  ' );
INSERT INTO CICLO_PERMANENTE (CICLO_ID,FASE_PODA,FASE_FLORACAO,FASE_COLHEITA) VALUES (69, '  ' , '  ' , '  ' );
INSERT INTO CICLO_PERMANENTE (CICLO_ID,FASE_PODA,FASE_FLORACAO,FASE_COLHEITA) VALUES (70, '  ' , '  ' , '  ' );
INSERT INTO CICLO_PERMANENTE (CICLO_ID,FASE_PODA,FASE_FLORACAO,FASE_COLHEITA) VALUES (71, '  ' , '  ' , '  ' );
INSERT INTO CICLO_TEMPORARIA (CICLO_ID,FASE_SEMENTEIRA,FASE_COLHEITA) VALUES (72, '  ' , ' 80 dias ' );
INSERT INTO CICLO_TEMPORARIA (CICLO_ID,FASE_SEMENTEIRA,FASE_COLHEITA) VALUES (73, '  ' , ' 80 dias ' );
INSERT INTO CICLO_TEMPORARIA (CICLO_ID,FASE_SEMENTEIRA,FASE_COLHEITA) VALUES (74, '  ' , ' 80 dias ' );
INSERT INTO CICLO_TEMPORARIA (CICLO_ID,FASE_SEMENTEIRA,FASE_COLHEITA) VALUES (75, '  ' , ' 80 dias ' );
INSERT INTO CICLO_TEMPORARIA (CICLO_ID,FASE_SEMENTEIRA,FASE_COLHEITA) VALUES (76, '  ' , ' 80 dias ' );
INSERT INTO CICLO_TEMPORARIA (CICLO_ID,FASE_SEMENTEIRA,FASE_COLHEITA) VALUES (77, '  ' , ' 80 dias ' );
INSERT INTO CICLO_TEMPORARIA (CICLO_ID,FASE_SEMENTEIRA,FASE_COLHEITA) VALUES (78, '  ' , ' 80 dias ' );
INSERT INTO CICLO_TEMPORARIA (CICLO_ID,FASE_SEMENTEIRA,FASE_COLHEITA) VALUES (79, '  ' , '  ' );
INSERT INTO CICLO_TEMPORARIA (CICLO_ID,FASE_SEMENTEIRA,FASE_COLHEITA) VALUES (80, '  ' , '  ' );
INSERT INTO CICLO_TEMPORARIA (CICLO_ID,FASE_SEMENTEIRA,FASE_COLHEITA) VALUES (81, ' Abril a junho ' , ' Julho a setembro ' );
INSERT INTO CICLO_TEMPORARIA (CICLO_ID,FASE_SEMENTEIRA,FASE_COLHEITA) VALUES (82, ' Abril a junho ' , ' Julho a setembro ' );
INSERT INTO CICLO_TEMPORARIA (CICLO_ID,FASE_SEMENTEIRA,FASE_COLHEITA) VALUES (83, ' Março a setembro ' , ' Junho a fevereiro ' );
INSERT INTO CICLO_PERMANENTE (CICLO_ID,FASE_PODA,FASE_FLORACAO,FASE_COLHEITA) VALUES (84, '  ' , ' Outubro a novembro ' , '  ' );
INSERT INTO CICLO_PERMANENTE (CICLO_ID,FASE_PODA,FASE_FLORACAO,FASE_COLHEITA) VALUES (85, '  ' , '  ' , ' Outubro a novembro ' );
INSERT INTO CICLO_PERMANENTE (CICLO_ID,FASE_PODA,FASE_FLORACAO,FASE_COLHEITA) VALUES (86, '  ' , '  ' , ' Outubro a novembro ' );
INSERT INTO CICLO_PERMANENTE (CICLO_ID,FASE_PODA,FASE_FLORACAO,FASE_COLHEITA) VALUES (87, '  ' , '  ' , ' Outubro a novembro ' );
INSERT INTO CICLO_PERMANENTE (CICLO_ID,FASE_PODA,FASE_FLORACAO,FASE_COLHEITA) VALUES (88, '  ' , '  ' , ' Outubro a novembro ' );
INSERT INTO CICLO_PERMANENTE (CICLO_ID,FASE_PODA,FASE_FLORACAO,FASE_COLHEITA) VALUES (89, '  ' , '  ' , ' Outubro a novembro ' );
INSERT INTO CICLO_PERMANENTE (CICLO_ID,FASE_PODA,FASE_FLORACAO,FASE_COLHEITA) VALUES (90, '  ' , '  ' , ' Outubro a novembro ' );
INSERT INTO CICLO_PERMANENTE (CICLO_ID,FASE_PODA,FASE_FLORACAO,FASE_COLHEITA) VALUES (91, '  ' , '  ' , ' Outubro a novembro ' );
INSERT INTO CICLO_TEMPORARIA (CICLO_ID,FASE_SEMENTEIRA,FASE_COLHEITA) VALUES (92, ' Fevereiro a abril, agosto a outubro ' , ' 90 dias ' );




INSERT INTO VARIEDADE (ID,NOME,ESPECIE_ID,CICLO_ID) VALUES (0, ' Prunus domestica ' ,0,0);
INSERT INTO VARIEDADE (ID,NOME,ESPECIE_ID,CICLO_ID) VALUES (1, ' Prunus domestica ' ,1,1);
INSERT INTO VARIEDADE (ID,NOME,ESPECIE_ID,CICLO_ID) VALUES (2, ' Prunus domestica ' ,2,2);
INSERT INTO VARIEDADE (ID,NOME,ESPECIE_ID,CICLO_ID) VALUES (3, ' Prunus domestica ' ,3,3);
INSERT INTO VARIEDADE (ID,NOME,ESPECIE_ID,CICLO_ID) VALUES (4, ' Prunus domestica ' ,4,4);
INSERT INTO VARIEDADE (ID,NOME,ESPECIE_ID,CICLO_ID) VALUES (5, ' Prunus domestica ' ,5,5);
INSERT INTO VARIEDADE (ID,NOME,ESPECIE_ID,CICLO_ID) VALUES (6, ' Prunus domestica ' ,6,6);
INSERT INTO VARIEDADE (ID,NOME,ESPECIE_ID,CICLO_ID) VALUES (7, ' Prunus domestica ' ,7,7);
INSERT INTO VARIEDADE (ID,NOME,ESPECIE_ID,CICLO_ID) VALUES (8, ' Prunus domestica ' ,8,8);
INSERT INTO VARIEDADE (ID,NOME,ESPECIE_ID,CICLO_ID) VALUES (9, ' Prunus domestica ' ,9,9);
INSERT INTO VARIEDADE (ID,NOME,ESPECIE_ID,CICLO_ID) VALUES (10, ' Prunus domestica ' ,10,10);
INSERT INTO VARIEDADE (ID,NOME,ESPECIE_ID,CICLO_ID) VALUES (11, ' Prunus domestica ' ,11,11);
INSERT INTO VARIEDADE (ID,NOME,ESPECIE_ID,CICLO_ID) VALUES (12, ' Prunus domestica ' ,12,12);
INSERT INTO VARIEDADE (ID,NOME,ESPECIE_ID,CICLO_ID) VALUES (13, ' Prunus domestica ' ,13,13);
INSERT INTO VARIEDADE (ID,NOME,ESPECIE_ID,CICLO_ID) VALUES (14, ' Prunus domestica ' ,14,14);
INSERT INTO VARIEDADE (ID,NOME,ESPECIE_ID,CICLO_ID) VALUES (15, ' Prunus domestica ' ,15,15);
INSERT INTO VARIEDADE (ID,NOME,ESPECIE_ID,CICLO_ID) VALUES (16, ' Prunus domestica ' ,16,16);
INSERT INTO VARIEDADE (ID,NOME,ESPECIE_ID,CICLO_ID) VALUES (17, ' Prunus domestica ' ,17,17);
INSERT INTO VARIEDADE (ID,NOME,ESPECIE_ID,CICLO_ID) VALUES (18, ' Prunus domestica ' ,18,18);
INSERT INTO VARIEDADE (ID,NOME,ESPECIE_ID,CICLO_ID) VALUES (19, ' Prunus domestica ' ,19,19);
INSERT INTO VARIEDADE (ID,NOME,ESPECIE_ID,CICLO_ID) VALUES (20, ' Prunus domestica ' ,20,20);
INSERT INTO VARIEDADE (ID,NOME,ESPECIE_ID,CICLO_ID) VALUES (21, ' Prunus domestica ' ,21,21);
INSERT INTO VARIEDADE (ID,NOME,ESPECIE_ID,CICLO_ID) VALUES (22, ' Prunus domestica ' ,22,22);
INSERT INTO VARIEDADE (ID,NOME,ESPECIE_ID,CICLO_ID) VALUES (23, ' Prunus domestica ' ,23,23);
INSERT INTO VARIEDADE (ID,NOME,ESPECIE_ID,CICLO_ID) VALUES (24, ' Prunus domestica ' ,24,24);
INSERT INTO VARIEDADE (ID,NOME,ESPECIE_ID,CICLO_ID) VALUES (25, ' Prunus domestica ' ,25,25);
INSERT INTO VARIEDADE (ID,NOME,ESPECIE_ID,CICLO_ID) VALUES (26, ' Prunus armeniaca ' ,26,26);
INSERT INTO VARIEDADE (ID,NOME,ESPECIE_ID,CICLO_ID) VALUES (27, ' Prunus armeniaca ' ,27,27);
INSERT INTO VARIEDADE (ID,NOME,ESPECIE_ID,CICLO_ID) VALUES (28, ' Prunus armeniaca ' ,28,28);
INSERT INTO VARIEDADE (ID,NOME,ESPECIE_ID,CICLO_ID) VALUES (29, ' Prunus armeniaca ' ,29,29);
INSERT INTO VARIEDADE (ID,NOME,ESPECIE_ID,CICLO_ID) VALUES (30, ' Prunus armeniaca ' ,30,30);
INSERT INTO VARIEDADE (ID,NOME,ESPECIE_ID,CICLO_ID) VALUES (31, ' Malus domestica ' ,31,31);
INSERT INTO VARIEDADE (ID,NOME,ESPECIE_ID,CICLO_ID) VALUES (32, ' Malus domestica ' ,32,32);
INSERT INTO VARIEDADE (ID,NOME,ESPECIE_ID,CICLO_ID) VALUES (33, ' Malus domestica ' ,33,33);
INSERT INTO VARIEDADE (ID,NOME,ESPECIE_ID,CICLO_ID) VALUES (34, ' Malus domestica ' ,34,34);
INSERT INTO VARIEDADE (ID,NOME,ESPECIE_ID,CICLO_ID) VALUES (35, ' Malus domestica ' ,35,35);
INSERT INTO VARIEDADE (ID,NOME,ESPECIE_ID,CICLO_ID) VALUES (36, ' Malus domestica ' ,36,36);
INSERT INTO VARIEDADE (ID,NOME,ESPECIE_ID,CICLO_ID) VALUES (37, ' Malus domestica ' ,37,37);
INSERT INTO VARIEDADE (ID,NOME,ESPECIE_ID,CICLO_ID) VALUES (38, ' Malus domestica ' ,38,38);
INSERT INTO VARIEDADE (ID,NOME,ESPECIE_ID,CICLO_ID) VALUES (39, ' Malus domestica ' ,39,39);
INSERT INTO VARIEDADE (ID,NOME,ESPECIE_ID,CICLO_ID) VALUES (40, ' Malus domestica ' ,40,40);
INSERT INTO VARIEDADE (ID,NOME,ESPECIE_ID,CICLO_ID) VALUES (41, ' Malus domestica ' ,41,41);
INSERT INTO VARIEDADE (ID,NOME,ESPECIE_ID,CICLO_ID) VALUES (42, ' Malus domestica ' ,42,42);
INSERT INTO VARIEDADE (ID,NOME,ESPECIE_ID,CICLO_ID) VALUES (43, ' Malus domestica ' ,43,43);
INSERT INTO VARIEDADE (ID,NOME,ESPECIE_ID,CICLO_ID) VALUES (44, ' Malus domestica ' ,44,44);
INSERT INTO VARIEDADE (ID,NOME,ESPECIE_ID,CICLO_ID) VALUES (45, ' Malus domestica ' ,45,45);
INSERT INTO VARIEDADE (ID,NOME,ESPECIE_ID,CICLO_ID) VALUES (46, ' Malus domestica ' ,46,46);
INSERT INTO VARIEDADE (ID,NOME,ESPECIE_ID,CICLO_ID) VALUES (47, ' Malus domestica ' ,47,47);
INSERT INTO VARIEDADE (ID,NOME,ESPECIE_ID,CICLO_ID) VALUES (48, ' Malus domestica ' ,48,48);
INSERT INTO VARIEDADE (ID,NOME,ESPECIE_ID,CICLO_ID) VALUES (49, ' Malus domestica ' ,49,49);
INSERT INTO VARIEDADE (ID,NOME,ESPECIE_ID,CICLO_ID) VALUES (50, ' Malus domestica ' ,50,50);
INSERT INTO VARIEDADE (ID,NOME,ESPECIE_ID,CICLO_ID) VALUES (51, ' Malus domestica ' ,51,51);
INSERT INTO VARIEDADE (ID,NOME,ESPECIE_ID,CICLO_ID) VALUES (52, ' Malus domestica ' ,52,52);
INSERT INTO VARIEDADE (ID,NOME,ESPECIE_ID,CICLO_ID) VALUES (53, ' Malus domestica ' ,53,53);
INSERT INTO VARIEDADE (ID,NOME,ESPECIE_ID,CICLO_ID) VALUES (54, ' Malus domestica ' ,54,54);
INSERT INTO VARIEDADE (ID,NOME,ESPECIE_ID,CICLO_ID) VALUES (55, ' Malus domestica ' ,55,55);
INSERT INTO VARIEDADE (ID,NOME,ESPECIE_ID,CICLO_ID) VALUES (56, ' Malus domestica ' ,56,56);
INSERT INTO VARIEDADE (ID,NOME,ESPECIE_ID,CICLO_ID) VALUES (57, ' Malus domestica ' ,57,57);
INSERT INTO VARIEDADE (ID,NOME,ESPECIE_ID,CICLO_ID) VALUES (58, ' Malus domestica ' ,58,58);
INSERT INTO VARIEDADE (ID,NOME,ESPECIE_ID,CICLO_ID) VALUES (59, ' Malus domestica ' ,59,59);
INSERT INTO VARIEDADE (ID,NOME,ESPECIE_ID,CICLO_ID) VALUES (60, ' Malus domestica ' ,60,60);
INSERT INTO VARIEDADE (ID,NOME,ESPECIE_ID,CICLO_ID) VALUES (61, ' Malus domestica ' ,61,61);
INSERT INTO VARIEDADE (ID,NOME,ESPECIE_ID,CICLO_ID) VALUES (62, ' Malus domestica ' ,62,62);
INSERT INTO VARIEDADE (ID,NOME,ESPECIE_ID,CICLO_ID) VALUES (63, ' Malus domestica ' ,63,63);
INSERT INTO VARIEDADE (ID,NOME,ESPECIE_ID,CICLO_ID) VALUES (64, ' Malus domestica ' ,64,64);
INSERT INTO VARIEDADE (ID,NOME,ESPECIE_ID,CICLO_ID) VALUES (65, ' Malus domestica ' ,65,65);
INSERT INTO VARIEDADE (ID,NOME,ESPECIE_ID,CICLO_ID) VALUES (66, ' Malus domestica ' ,66,66);
INSERT INTO VARIEDADE (ID,NOME,ESPECIE_ID,CICLO_ID) VALUES (67, ' Malus domestica ' ,67,67);
INSERT INTO VARIEDADE (ID,NOME,ESPECIE_ID,CICLO_ID) VALUES (68, ' Pyrus pyrifolia ' ,68,68);
INSERT INTO VARIEDADE (ID,NOME,ESPECIE_ID,CICLO_ID) VALUES (69, ' Pyrus pyrifolia ' ,69,69);
INSERT INTO VARIEDADE (ID,NOME,ESPECIE_ID,CICLO_ID) VALUES (70, ' Pyrus pyrifolia ' ,70,70);
INSERT INTO VARIEDADE (ID,NOME,ESPECIE_ID,CICLO_ID) VALUES (71, ' Pyrus pyrifolia ' ,71,71);
INSERT INTO VARIEDADE (ID,NOME,ESPECIE_ID,CICLO_ID) VALUES (72, ' Daucus carota subsp. Sativus ' ,72,72);
INSERT INTO VARIEDADE (ID,NOME,ESPECIE_ID,CICLO_ID) VALUES (73, ' Daucus carota subsp. Sativus ' ,73,73);
INSERT INTO VARIEDADE (ID,NOME,ESPECIE_ID,CICLO_ID) VALUES (74, ' Daucus carota subsp. Sativus ' ,74,74);
INSERT INTO VARIEDADE (ID,NOME,ESPECIE_ID,CICLO_ID) VALUES (75, ' Daucus carota subsp. Sativus ' ,75,75);
INSERT INTO VARIEDADE (ID,NOME,ESPECIE_ID,CICLO_ID) VALUES (76, ' Daucus carota subsp. Sativus ' ,76,76);
INSERT INTO VARIEDADE (ID,NOME,ESPECIE_ID,CICLO_ID) VALUES (77, ' Daucus carota subsp. Sativus ' ,77,77);
INSERT INTO VARIEDADE (ID,NOME,ESPECIE_ID,CICLO_ID) VALUES (78, ' Daucus carota subsp. Sativus ' ,78,78);
INSERT INTO VARIEDADE (ID,NOME,ESPECIE_ID,CICLO_ID) VALUES (79, ' Lupinus luteus ' ,79,79);
INSERT INTO VARIEDADE (ID,NOME,ESPECIE_ID,CICLO_ID) VALUES (80, ' Lupinus albus ' ,80,80);
INSERT INTO VARIEDADE (ID,NOME,ESPECIE_ID,CICLO_ID) VALUES (81, ' Zea mays ' ,81,81);
INSERT INTO VARIEDADE (ID,NOME,ESPECIE_ID,CICLO_ID) VALUES (82, ' Zea mays ' ,82,82);
INSERT INTO VARIEDADE (ID,NOME,ESPECIE_ID,CICLO_ID) VALUES (83, ' Brassica rapa ' ,83,83);
INSERT INTO VARIEDADE (ID,NOME,ESPECIE_ID,CICLO_ID) VALUES (84, ' Olea europaea ' ,84,84);
INSERT INTO VARIEDADE (ID,NOME,ESPECIE_ID,CICLO_ID) VALUES (85, ' Olea europaea ' ,85,85);
INSERT INTO VARIEDADE (ID,NOME,ESPECIE_ID,CICLO_ID) VALUES (86, ' Olea europaea ' ,86,86);
INSERT INTO VARIEDADE (ID,NOME,ESPECIE_ID,CICLO_ID) VALUES (87, ' Olea europaea ' ,87,87);
INSERT INTO VARIEDADE (ID,NOME,ESPECIE_ID,CICLO_ID) VALUES (88, ' Olea europaea ' ,88,88);
INSERT INTO VARIEDADE (ID,NOME,ESPECIE_ID,CICLO_ID) VALUES (89, ' Olea europaea ' ,89,89);
INSERT INTO VARIEDADE (ID,NOME,ESPECIE_ID,CICLO_ID) VALUES (90, ' Olea europaea ' ,90,90);
INSERT INTO VARIEDADE (ID,NOME,ESPECIE_ID,CICLO_ID) VALUES (91, ' Olea europaea ' ,91,91);
INSERT INTO VARIEDADE (ID,NOME,ESPECIE_ID,CICLO_ID) VALUES (92, ' Brassica rapa L. ' ,92,92);

-- tabela Exploracao_Agricola
INSERT INTO Exploracao_Agricola(id, nome) VALUES (1, 'exploraçao teste');

-- tabela Tipo_Edificio
INSERT INTO Tipo_Edificio(id, tipo, unidade) VALUES (1, 'Armazém', 'm2');
INSERT INTO Tipo_Edificio(id, tipo, unidade) VALUES (2, 'Garagem', 'm2');
INSERT INTO Tipo_Edificio(id, tipo, unidade) VALUES (3, 'Moinho', NULL);
INSERT INTO Tipo_Edificio(id, tipo, unidade) VALUES (4, 'Rega', 'm3');

-- tabela Parcela
INSERT INTO Parcela(id, nome, area, exploracao_agricola_id) VALUES (101, 'Campo da bouça', 1.2, 1);
INSERT INTO Parcela(id, nome, area, exploracao_agricola_id) VALUES (102, 'Campo grande', 3, 1);
INSERT INTO Parcela(id, nome, area, exploracao_agricola_id) VALUES (103, 'Campo do poço', 1.5, 1);
INSERT INTO Parcela(id, nome, area, exploracao_agricola_id) VALUES (104, 'Lameiro da ponte', 0.8, 1);
INSERT INTO Parcela(id, nome, area, exploracao_agricola_id) VALUES (105, 'Lameiro do moinho', 1.1, 1);
INSERT INTO Parcela(id, nome, area, exploracao_agricola_id) VALUES (106, 'Lameiro do moinho', 0.3, 1);
INSERT INTO Parcela(id, nome, area, exploracao_agricola_id) VALUES (107, 'Vinha', 2, 1);

-- tabela Edificio
INSERT INTO Edificio(id, nome, dimensao, exploracao_agricola_id, tipo_edificio_id) VALUES (201, 'Espigueiro', 600, 1, 1);
INSERT INTO Edificio(id, nome, dimensao, exploracao_agricola_id, tipo_edificio_id) VALUES (202, 'Armazém novo', 800, 1, 1);
INSERT INTO Edificio(id, nome, dimensao, exploracao_agricola_id, tipo_edificio_id) VALUES (203, 'Armazém grande', 900, 1, 2);
INSERT INTO Edificio(id, nome, dimensao, exploracao_agricola_id, tipo_edificio_id) VALUES (250, 'Moinho', NULL, 1, 3);
INSERT INTO Edificio(id, nome, dimensao, exploracao_agricola_id, tipo_edificio_id) VALUES (301, 'Tanque do campo grande', 18, 1, 4);
INSERT INTO Edificio(id, nome, dimensao, exploracao_agricola_id, tipo_edificio_id) VALUES (302, 'Poço da bouça', 35, 1, 4);

-- tabela Tipo_FP
INSERT INTO Tipo_FP(id, tipo) VALUES (1, 'Fitofármaco');
INSERT INTO Tipo_FP(id, tipo) VALUES (2, 'Adubo');
INSERT INTO Tipo_FP(id, tipo) VALUES (3, 'Corretor');

-- tabela Formulacao_FP
INSERT INTO Formulacao_FP(id, tipo) VALUES (1, 'Pó molhável');
INSERT INTO Formulacao_FP(id, tipo) VALUES (2, 'Granulado');
INSERT INTO Formulacao_FP(id, tipo) VALUES (3, 'Pó');
INSERT INTO Formulacao_FP(id, tipo) VALUES (4, 'Líquido');
INSERT INTO Formulacao_FP(id, tipo) VALUES (5, 'Emulsão de óleo em água');

-- tabela Metodo_Aplicacao
INSERT INTO Metodo_Aplicacao(id, tipo) VALUES (1, 'Fungicida');
INSERT INTO Metodo_Aplicacao(id, tipo) VALUES (2, 'Adubo solo');
INSERT INTO Metodo_Aplicacao(id, tipo) VALUES (3, 'Adubo foliar');
INSERT INTO Metodo_Aplicacao(id, tipo) VALUES (4, 'Fertirrega');
INSERT INTO Metodo_Aplicacao(id, tipo) VALUES (5, 'Correção solo');
INSERT INTO Metodo_Aplicacao(id, tipo) VALUES (6, 'Insecticida');

-- tabela Composto_Quimico
INSERT INTO Composto_Quimico(id, nome) VALUES (1, 'CU');
INSERT INTO Composto_Quimico(id, nome) VALUES (2, 'S');
INSERT INTO Composto_Quimico(id, nome) VALUES (3, 'K');
INSERT INTO Composto_Quimico(id, nome) VALUES (4, 'Mg');
INSERT INTO Composto_Quimico(id, nome) VALUES (5, 'B');
INSERT INTO Composto_Quimico(id, nome) VALUES (6, 'Mn');
INSERT INTO Composto_Quimico(id, nome) VALUES (7, 'CaCO3');
INSERT INTO Composto_Quimico(id, nome) VALUES (8, 'MgCO3');
INSERT INTO Composto_Quimico(id, nome) VALUES (9, 'MgO');
INSERT INTO Composto_Quimico(id, nome) VALUES (10, 'Bacillus pumilus');
INSERT INTO Composto_Quimico(id, nome) VALUES (11, 'Ácidos gordos (na forma de sais de potássio)');
INSERT INTO Composto_Quimico(id, nome) VALUES (12, 'Terpenóides');

-- tabela Fator_Producao
INSERT INTO Fator_Producao(id, nome, tipo_id, formulacao_id) VALUES (1, 'Calda Bordalesa ASCENZA', 1, 1);
INSERT INTO Fator_Producao(id, nome, tipo_id, formulacao_id) VALUES (2, 'Enxofre Bayer 80 WG', 1, 1);
INSERT INTO Fator_Producao(id, nome, tipo_id, formulacao_id) VALUES (3, 'Patentkali', 2, 2);
INSERT INTO Fator_Producao(id, nome, tipo_id, formulacao_id) VALUES (4, 'ESTA Kieserit', 2, 2);
INSERT INTO Fator_Producao(id, nome, tipo_id, formulacao_id) VALUES (5, 'EPSO Microtop', 2, 2);
INSERT INTO Fator_Producao(id, nome, tipo_id, formulacao_id) VALUES (6, 'EPSO Top', 2, 2);
INSERT INTO Fator_Producao(id, nome, tipo_id, formulacao_id) VALUES (7, 'Biocal CaCo3', 3, 2);
INSERT INTO Fator_Producao(id, nome, tipo_id, formulacao_id) VALUES (8, 'Biocal Composto', 3, 3);
INSERT INTO Fator_Producao(id, nome, tipo_id, formulacao_id) VALUES (9, 'Sonata', 1, 4);
INSERT INTO Fator_Producao(id, nome, tipo_id, formulacao_id) VALUES (10, 'FLiPPER ', 1, 5);
INSERT INTO Fator_Producao(id, nome, tipo_id, formulacao_id) VALUES (11, 'Requiem Prime', 1, 4);

-- tabela FP_Metodo_Aplicacao
INSERT INTO FP_Metodo_Aplicacao(fator_producao_id, metodo_aplicacao_id) VALUES (1, 1);
INSERT INTO FP_Metodo_Aplicacao(fator_producao_id, metodo_aplicacao_id) VALUES (2, 1);
INSERT INTO FP_Metodo_Aplicacao(fator_producao_id, metodo_aplicacao_id) VALUES (3, 2);
INSERT INTO FP_Metodo_Aplicacao(fator_producao_id, metodo_aplicacao_id) VALUES (4, 2);
INSERT INTO FP_Metodo_Aplicacao(fator_producao_id, metodo_aplicacao_id) VALUES (5, 3);
INSERT INTO FP_Metodo_Aplicacao(fator_producao_id, metodo_aplicacao_id) VALUES (6, 3);
INSERT INTO FP_Metodo_Aplicacao(fator_producao_id, metodo_aplicacao_id) VALUES (7, 5);
INSERT INTO FP_Metodo_Aplicacao(fator_producao_id, metodo_aplicacao_id) VALUES (8, 5);
INSERT INTO FP_Metodo_Aplicacao(fator_producao_id, metodo_aplicacao_id) VALUES (9, 1);
INSERT INTO FP_Metodo_Aplicacao(fator_producao_id, metodo_aplicacao_id) VALUES (10, 6);
INSERT INTO FP_Metodo_Aplicacao(fator_producao_id, metodo_aplicacao_id) VALUES (11, 6);
INSERT INTO FP_Metodo_Aplicacao(fator_producao_id, metodo_aplicacao_id) VALUES (5, 4);

-- tabela Ficha_Tecnica
INSERT INTO Ficha_Tecnica(fator_producao_id, composto_quimico_id, quantidade) VALUES (1, 1, 0.2);
INSERT INTO Ficha_Tecnica(fator_producao_id, composto_quimico_id, quantidade) VALUES (2, 2, 0.8);
INSERT INTO Ficha_Tecnica(fator_producao_id, composto_quimico_id, quantidade) VALUES (3, 3, 0.249);
INSERT INTO Ficha_Tecnica(fator_producao_id, composto_quimico_id, quantidade) VALUES (3, 4, 0.06);
INSERT INTO Ficha_Tecnica(fator_producao_id, composto_quimico_id, quantidade) VALUES (3, 2, 0.176);
INSERT INTO Ficha_Tecnica(fator_producao_id, composto_quimico_id, quantidade) VALUES (4, 4, 0.151);
INSERT INTO Ficha_Tecnica(fator_producao_id, composto_quimico_id, quantidade) VALUES (4, 2, 0.208);
INSERT INTO Ficha_Tecnica(fator_producao_id, composto_quimico_id, quantidade) VALUES (5, 4, 0.09);
INSERT INTO Ficha_Tecnica(fator_producao_id, composto_quimico_id, quantidade) VALUES (5, 2, 0.124);
INSERT INTO Ficha_Tecnica(fator_producao_id, composto_quimico_id, quantidade) VALUES (5, 5, 0.009);
INSERT INTO Ficha_Tecnica(fator_producao_id, composto_quimico_id, quantidade) VALUES (5, 6, 0.01);
INSERT INTO Ficha_Tecnica(fator_producao_id, composto_quimico_id, quantidade) VALUES (6, 4, 0.096);
INSERT INTO Ficha_Tecnica(fator_producao_id, composto_quimico_id, quantidade) VALUES (6, 2, 0.13);
INSERT INTO Ficha_Tecnica(fator_producao_id, composto_quimico_id, quantidade) VALUES (7, 7, 0.882);
INSERT INTO Ficha_Tecnica(fator_producao_id, composto_quimico_id, quantidade) VALUES (7, 8, 0.019);
INSERT INTO Ficha_Tecnica(fator_producao_id, composto_quimico_id, quantidade) VALUES (8, 7, 0.717);
INSERT INTO Ficha_Tecnica(fator_producao_id, composto_quimico_id, quantidade) VALUES (8, 8, 0.148);
INSERT INTO Ficha_Tecnica(fator_producao_id, composto_quimico_id, quantidade) VALUES (8, 9, 0.079);
INSERT INTO Ficha_Tecnica(fator_producao_id, composto_quimico_id, quantidade) VALUES (9, 10, 0.9774);
INSERT INTO Ficha_Tecnica(fator_producao_id, composto_quimico_id, quantidade) VALUES (10, 11, 0.478);
INSERT INTO Ficha_Tecnica(fator_producao_id, composto_quimico_id, quantidade) VALUES (11, 12, 0.1442);

INSERT INTO Tipo_Operacao(id,nome,unidade) values (101, 'Plantação', 'un');
INSERT INTO Tipo_Operacao(id,nome,unidade) values (102, 'Rega', 'm3');
INSERT INTO Tipo_Operacao(id,nome,unidade) values (103, 'Fertilização', 'kg');
INSERT INTO Tipo_Operacao(id,nome,unidade) values (104, 'Poda', 'un');
INSERT INTO Tipo_Operacao(id,nome,unidade) values (105, 'Aplicação fitofármaco', 'kg');
INSERT INTO Tipo_Operacao(id,nome,unidade) values (106, 'Sementeira', 'kg');
INSERT INTO Tipo_Operacao(id,nome,unidade) values (107, 'Colheita', 'kg');
INSERT INTO Tipo_Operacao(id,nome,unidade) values (108, 'Incorporação no solo', 'ha');

INSERT INTO Operacao(id,plantacao_id,tipo_operacao_id,data,quantidade) values (101,102, 101, 42649, 30);
INSERT INTO Operacao(id,plantacao_id,tipo_operacao_id,data,quantidade) values (102,102, 101, 42653, 20);
INSERT INTO Operacao(id,plantacao_id,tipo_operacao_id,data,quantidade) values (103,104, 101, 42742, 90);
INSERT INTO Operacao(id,plantacao_id,tipo_operacao_id,data,quantidade) values (104,104, 101, 42743, 60);
INSERT INTO Operacao(id,plantacao_id,tipo_operacao_id,data,quantidade) values (105,104, 101, 42743, 40);
INSERT INTO Operacao(id,plantacao_id,tipo_operacao_id,data,quantidade) values (106,102, 102, 42919, 0.4);
INSERT INTO Operacao(id,plantacao_id,tipo_operacao_id,data,quantidade) values (107,102, 102, 42919, 0.9);
INSERT INTO Operacao(id,plantacao_id,tipo_operacao_id,data,quantidade) values (108,104, 102, 42926, 3);
INSERT INTO Operacao(id,plantacao_id,tipo_operacao_id,data,quantidade) values (109,102, 102, 42957, 0.4);
INSERT INTO Operacao(id,plantacao_id,tipo_operacao_id,data,quantidade) values (110,102, 102, 42957, 0.9);
INSERT INTO Operacao(id,plantacao_id,tipo_operacao_id,data,quantidade) values (111,104, 102, 42957, 3.5);
INSERT INTO Operacao(id,plantacao_id,tipo_operacao_id,data,quantidade) values (112,104, 102, 42988, 3);
INSERT INTO Operacao(id,plantacao_id,tipo_operacao_id,data,quantidade) values (113,102, 104, 43043, 30);
INSERT INTO Operacao(id,plantacao_id,tipo_operacao_id,data,quantidade) values (114,102, 104, 43043, 20);
INSERT INTO Operacao(id,plantacao_id,tipo_operacao_id,data,quantidade) values (115,102, 103, 43079, 15);
INSERT INTO Operacao(id,plantacao_id,tipo_operacao_id,data,quantidade) values (116,102, 103, 43079, 10);
INSERT INTO Operacao(id,plantacao_id,tipo_operacao_id,data,quantidade) values (117,104, 104, 43107, 90);
INSERT INTO Operacao(id,plantacao_id,tipo_operacao_id,data,quantidade) values (118,104, 104, 43108, 60);
INSERT INTO Operacao(id,plantacao_id,tipo_operacao_id,data,quantidade) values (119,104, 104, 43108, 40);
INSERT INTO Operacao(id,plantacao_id,tipo_operacao_id,data,quantidade) values (120,107, 101, 43110, 500);
INSERT INTO Operacao(id,plantacao_id,tipo_operacao_id,data,quantidade) values (121,107, 101, 43111, 700);
INSERT INTO Operacao(id,plantacao_id,tipo_operacao_id,data,quantidade) values (122,104, 103, 43137, 10);
INSERT INTO Operacao(id,plantacao_id,tipo_operacao_id,data,quantidade) values (123,104, 103, 43137, 6);
INSERT INTO Operacao(id,plantacao_id,tipo_operacao_id,data,quantidade) values (124,104, 103, 43137, 5);
INSERT INTO Operacao(id,plantacao_id,tipo_operacao_id,data,quantidade) values (125,102, 102, 43284, 1);
INSERT INTO Operacao(id,plantacao_id,tipo_operacao_id,data,quantidade) values (126,102, 102, 43284, 1.5);
INSERT INTO Operacao(id,plantacao_id,tipo_operacao_id,data,quantidade) values (127,104, 102, 43291, 3.5);
INSERT INTO Operacao(id,plantacao_id,tipo_operacao_id,data,quantidade) values (128,107, 102, 43291, 6);
INSERT INTO Operacao(id,plantacao_id,tipo_operacao_id,data,quantidade) values (129,102, 102, 43322, 1);
INSERT INTO Operacao(id,plantacao_id,tipo_operacao_id,data,quantidade) values (130,102, 102, 43322, 1.5);
INSERT INTO Operacao(id,plantacao_id,tipo_operacao_id,data,quantidade) values (131,104, 102, 43322, 4);
INSERT INTO Operacao(id,plantacao_id,tipo_operacao_id,data,quantidade) values (132,107, 102, 43323, 7);
INSERT INTO Operacao(id,plantacao_id,tipo_operacao_id,data,quantidade) values (133,104, 102, 43345, 4);
INSERT INTO Operacao(id,plantacao_id,tipo_operacao_id,data,quantidade) values (134,104, 102, 43353, 4);
INSERT INTO Operacao(id,plantacao_id,tipo_operacao_id,data,quantidade) values (135,102, 104, 43421, 30);
INSERT INTO Operacao(id,plantacao_id,tipo_operacao_id,data,quantidade) values (136,102, 104, 43421, 20);
INSERT INTO Operacao(id,plantacao_id,tipo_operacao_id,data,quantidade) values (137,104, 101, 43444, 30);
INSERT INTO Operacao(id,plantacao_id,tipo_operacao_id,data,quantidade) values (138,107, 104, 43450, 500);
INSERT INTO Operacao(id,plantacao_id,tipo_operacao_id,data,quantidade) values (139,107, 104, 43452, 700);
INSERT INTO Operacao(id,plantacao_id,tipo_operacao_id,data,quantidade) values (140,104, 104, 43472, 90);
INSERT INTO Operacao(id,plantacao_id,tipo_operacao_id,data,quantidade) values (141,104, 104, 43473, 60);
INSERT INTO Operacao(id,plantacao_id,tipo_operacao_id,data,quantidade) values (142,104, 104, 43473, 40);
INSERT INTO Operacao(id,plantacao_id,tipo_operacao_id,data,quantidade) values (143,107, 105, 43485, 2);
INSERT INTO Operacao(id,plantacao_id,tipo_operacao_id,data,quantidade) values (144,107, 105, 43485, 2.5);
INSERT INTO Operacao(id,plantacao_id,tipo_operacao_id,data,quantidade) values (145,104, 103, 43502, 10);
INSERT INTO Operacao(id,plantacao_id,tipo_operacao_id,data,quantidade) values (146,104, 103, 43502, 5);
INSERT INTO Operacao(id,plantacao_id,tipo_operacao_id,data,quantidade) values (147,104, 103, 43502, 7);
INSERT INTO Operacao(id,plantacao_id,tipo_operacao_id,data,quantidade) values (148,102, 102, 43649, 1);
INSERT INTO Operacao(id,plantacao_id,tipo_operacao_id,data,quantidade) values (149,102, 102, 43649, 1.5);
INSERT INTO Operacao(id,plantacao_id,tipo_operacao_id,data,quantidade) values (150,104, 102, 43649, 4);
INSERT INTO Operacao(id,plantacao_id,tipo_operacao_id,data,quantidade) values (151,107, 102, 43656, 6);
INSERT INTO Operacao(id,plantacao_id,tipo_operacao_id,data,quantidade) values (152,102, 102, 43687, 1);
INSERT INTO Operacao(id,plantacao_id,tipo_operacao_id,data,quantidade) values (153,102, 102, 43687, 1.5);
INSERT INTO Operacao(id,plantacao_id,tipo_operacao_id,data,quantidade) values (154,104, 102, 43687, 4.5);
INSERT INTO Operacao(id,plantacao_id,tipo_operacao_id,data,quantidade) values (155,107, 102, 43688, 7);
INSERT INTO Operacao(id,plantacao_id,tipo_operacao_id,data,quantidade) values (156,102, 104, 43784, 30);
INSERT INTO Operacao(id,plantacao_id,tipo_operacao_id,data,quantidade) values (157,102, 104, 43784, 20);
INSERT INTO Operacao(id,plantacao_id,tipo_operacao_id,data,quantidade) values (158,107, 104, 43815, 500);
INSERT INTO Operacao(id,plantacao_id,tipo_operacao_id,data,quantidade) values (159,107, 104, 43817, 700);
INSERT INTO Operacao(id,plantacao_id,tipo_operacao_id,data,quantidade) values (160,107, 105, 43850, 2);
INSERT INTO Operacao(id,plantacao_id,tipo_operacao_id,data,quantidade) values (161,107, 105, 43850, 2.5);
INSERT INTO Operacao(id,plantacao_id,tipo_operacao_id,data,quantidade) values (162,106, 106, 43902, 0.9);
INSERT INTO Operacao(id,plantacao_id,tipo_operacao_id,data,quantidade) values (163,103, 103, 43920, 600);
INSERT INTO Operacao(id,plantacao_id,tipo_operacao_id,data,quantidade) values (164,103, 106, 43926, 1.2);
INSERT INTO Operacao(id,plantacao_id,tipo_operacao_id,data,quantidade) values (165,106, 107, 43956, 2200);
INSERT INTO Operacao(id,plantacao_id,tipo_operacao_id,data,quantidade) values (166,106, 107, 43966, 1400);
INSERT INTO Operacao(id,plantacao_id,tipo_operacao_id,data,quantidade) values (167,106, 106, 43984, 0.6);
INSERT INTO Operacao(id,plantacao_id,tipo_operacao_id,data,quantidade) values (168,102, 102, 44015, 1);
INSERT INTO Operacao(id,plantacao_id,tipo_operacao_id,data,quantidade) values (169,102, 102, 44015, 1.5);
INSERT INTO Operacao(id,plantacao_id,tipo_operacao_id,data,quantidade) values (170,107, 102, 44022, 6);
INSERT INTO Operacao(id,plantacao_id,tipo_operacao_id,data,quantidade) values (171,103, 102, 44024, 15);
INSERT INTO Operacao(id,plantacao_id,tipo_operacao_id,data,quantidade) values (172,106, 102, 44027, 2.5);
INSERT INTO Operacao(id,plantacao_id,tipo_operacao_id,data,quantidade) values (173,103, 102, 44040, 15);
INSERT INTO Operacao(id,plantacao_id,tipo_operacao_id,data,quantidade) values (174,102, 102, 44053, 1);
INSERT INTO Operacao(id,plantacao_id,tipo_operacao_id,data,quantidade) values (175,102, 102, 44053, 1.5);
INSERT INTO Operacao(id,plantacao_id,tipo_operacao_id,data,quantidade) values (176,103, 102, 44053, 15);
INSERT INTO Operacao(id,plantacao_id,tipo_operacao_id,data,quantidade) values (177,107, 102, 44054, 7);
INSERT INTO Operacao(id,plantacao_id,tipo_operacao_id,data,quantidade) values (178,106, 102, 44055, 3.5);
INSERT INTO Operacao(id,plantacao_id,tipo_operacao_id,data,quantidade) values (179,103, 107, 44063, 3300);
INSERT INTO Operacao(id,plantacao_id,tipo_operacao_id,data,quantidade) values (180,106, 107, 44071, 600);
INSERT INTO Operacao(id,plantacao_id,tipo_operacao_id,data,quantidade) values (181,106, 107, 44081, 1800);
INSERT INTO Operacao(id,plantacao_id,tipo_operacao_id,data,quantidade) values (182,106, 106, 44094, 0.6);
INSERT INTO Operacao(id,plantacao_id,tipo_operacao_id,data,quantidade) values (183,101, 106, 44114, 36);
INSERT INTO Operacao(id,plantacao_id,tipo_operacao_id,data,quantidade) values (184,103, 106, 44116, 1.3);
INSERT INTO Operacao(id,plantacao_id,tipo_operacao_id,data,quantidade) values (185,102, 104, 44145, 30);
INSERT INTO Operacao(id,plantacao_id,tipo_operacao_id,data,quantidade) values (186,102, 104, 44145, 20);
INSERT INTO Operacao(id,plantacao_id,tipo_operacao_id,data,quantidade) values (187,106, 107, 44150, 600);
INSERT INTO Operacao(id,plantacao_id,tipo_operacao_id,data,quantidade) values (188,104, 104, 44170, 70);
INSERT INTO Operacao(id,plantacao_id,tipo_operacao_id,data,quantidade) values (189,104, 104, 44170, 50);
INSERT INTO Operacao(id,plantacao_id,tipo_operacao_id,data,quantidade) values (190,102, 103, 44175, 10);
INSERT INTO Operacao(id,plantacao_id,tipo_operacao_id,data,quantidade) values (191,102, 103, 44175, 7);
INSERT INTO Operacao(id,plantacao_id,tipo_operacao_id,data,quantidade) values (192,104, 104, 44180, 40);
INSERT INTO Operacao(id,plantacao_id,tipo_operacao_id,data,quantidade) values (193,104, 104, 44180, 60);
INSERT INTO Operacao(id,plantacao_id,tipo_operacao_id,data,quantidade) values (194,107, 104, 44181, 500);
INSERT INTO Operacao(id,plantacao_id,tipo_operacao_id,data,quantidade) values (195,106, 107, 44183, 2500);
INSERT INTO Operacao(id,plantacao_id,tipo_operacao_id,data,quantidade) values (196,107, 104, 44183, 700);
INSERT INTO Operacao(id,plantacao_id,tipo_operacao_id,data,quantidade) values (197,106, 107, 44200, 2900);
INSERT INTO Operacao(id,plantacao_id,tipo_operacao_id,data,quantidade) values (198,107, 105, 44216, 2);
INSERT INTO Operacao(id,plantacao_id,tipo_operacao_id,data,quantidade) values (199,107, 105, 44216, 2.5);
INSERT INTO Operacao(id,plantacao_id,tipo_operacao_id,data,quantidade) values (200,106, 106, 44265, 0.9);
INSERT INTO Operacao(id,plantacao_id,tipo_operacao_id,data,quantidade) values (201,103, 108, 44269, 1.3);
INSERT INTO Operacao(id,plantacao_id,tipo_operacao_id,data,quantidade) values (202,101, 108, 44285, 1.3);
INSERT INTO Operacao(id,plantacao_id,tipo_operacao_id,data,quantidade) values (203,103, 106, 44289, 1.2);
INSERT INTO Operacao(id,plantacao_id,tipo_operacao_id,data,quantidade) values (204,101, 106, 44301, 30);
INSERT INTO Operacao(id,plantacao_id,tipo_operacao_id,data,quantidade) values (205,104, 103, 44318, 10);
INSERT INTO Operacao(id,plantacao_id,tipo_operacao_id,data,quantidade) values (206,106, 107, 44321, 2200);
INSERT INTO Operacao(id,plantacao_id,tipo_operacao_id,data,quantidade) values (207,106, 107, 44331, 1400);
INSERT INTO Operacao(id,plantacao_id,tipo_operacao_id,data,quantidade) values (208,106, 106, 44349, 0.6);
INSERT INTO Operacao(id,plantacao_id,tipo_operacao_id,data,quantidade) values (209,106, 102, 44367, 3);
INSERT INTO Operacao(id,plantacao_id,tipo_operacao_id,data,quantidade) values (210,102, 102, 44380, 0.8);
INSERT INTO Operacao(id,plantacao_id,tipo_operacao_id,data,quantidade) values (211,102, 102, 44380, 1.5);
INSERT INTO Operacao(id,plantacao_id,tipo_operacao_id,data,quantidade) values (212,104, 102, 44382, 5);
INSERT INTO Operacao(id,plantacao_id,tipo_operacao_id,data,quantidade) values (213,106, 102, 44384, 3);
INSERT INTO Operacao(id,plantacao_id,tipo_operacao_id,data,quantidade) values (214,107, 102, 44387, 7);
INSERT INTO Operacao(id,plantacao_id,tipo_operacao_id,data,quantidade) values (215,103, 102, 44389, 15);
INSERT INTO Operacao(id,plantacao_id,tipo_operacao_id,data,quantidade) values (216,107, 107, 44392, 300);
INSERT INTO Operacao(id,plantacao_id,tipo_operacao_id,data,quantidade) values (217,107, 107, 44397, 400);
INSERT INTO Operacao(id,plantacao_id,tipo_operacao_id,data,quantidade) values (218,103, 102, 44401, 15);
INSERT INTO Operacao(id,plantacao_id,tipo_operacao_id,data,quantidade) values (219,104, 102, 44407, 5.5);
INSERT INTO Operacao(id,plantacao_id,tipo_operacao_id,data,quantidade) values (220,106, 102, 44407, 3.5);
INSERT INTO Operacao(id,plantacao_id,tipo_operacao_id,data,quantidade) values (221,103, 102, 44415, 15);
INSERT INTO Operacao(id,plantacao_id,tipo_operacao_id,data,quantidade) values (222,102, 102, 44418, 0.8);
INSERT INTO Operacao(id,plantacao_id,tipo_operacao_id,data,quantidade) values (223,102, 102, 44418, 1.5);
INSERT INTO Operacao(id,plantacao_id,tipo_operacao_id,data,quantidade) values (224,101, 107, 44420, 3300);
INSERT INTO Operacao(id,plantacao_id,tipo_operacao_id,data,quantidade) values (225,106, 102, 44425, 3);
INSERT INTO Operacao(id,plantacao_id,tipo_operacao_id,data,quantidade) values (226,104, 107, 44432, 900);
INSERT INTO Operacao(id,plantacao_id,tipo_operacao_id,data,quantidade) values (227,103, 107, 44433, 3300);
INSERT INTO Operacao(id,plantacao_id,tipo_operacao_id,data,quantidade) values (228,106, 107, 44436, 600);
INSERT INTO Operacao(id,plantacao_id,tipo_operacao_id,data,quantidade) values (229,104, 107, 44444, 800);
INSERT INTO Operacao(id,plantacao_id,tipo_operacao_id,data,quantidade) values (230,106, 107, 44446, 1800);
INSERT INTO Operacao(id,plantacao_id,tipo_operacao_id,data,quantidade) values (231,104, 107, 44451, 800);
INSERT INTO Operacao(id,plantacao_id,tipo_operacao_id,data,quantidade) values (232,106, 106, 44459, 0.6);
INSERT INTO Operacao(id,plantacao_id,tipo_operacao_id,data,quantidade) values (233,104, 107, 44462, 1200);
INSERT INTO Operacao(id,plantacao_id,tipo_operacao_id,data,quantidade) values (234,101, 106, 44472, 36);
INSERT INTO Operacao(id,plantacao_id,tipo_operacao_id,data,quantidade) values (235,103, 106, 44475, 1.3);
INSERT INTO Operacao(id,plantacao_id,tipo_operacao_id,data,quantidade) values (236,104, 107, 44481, 950);
INSERT INTO Operacao(id,plantacao_id,tipo_operacao_id,data,quantidade) values (237,104, 107, 44503, 750);
INSERT INTO Operacao(id,plantacao_id,tipo_operacao_id,data,quantidade) values (238,102, 107, 44510, 210);
INSERT INTO Operacao(id,plantacao_id,tipo_operacao_id,data,quantidade) values (239,102, 107, 44510, 120);
INSERT INTO Operacao(id,plantacao_id,tipo_operacao_id,data,quantidade) values (240,106, 107, 44515, 600);
INSERT INTO Operacao(id,plantacao_id,tipo_operacao_id,data,quantidade) values (241,102, 104, 44517, 30);
INSERT INTO Operacao(id,plantacao_id,tipo_operacao_id,data,quantidade) values (242,102, 104, 44517, 20);
INSERT INTO Operacao(id,plantacao_id,tipo_operacao_id,data,quantidade) values (243,104, 104, 44528, 70);
INSERT INTO Operacao(id,plantacao_id,tipo_operacao_id,data,quantidade) values (244,104, 104, 44533, 90);
INSERT INTO Operacao(id,plantacao_id,tipo_operacao_id,data,quantidade) values (245,107, 104, 44546, 500);
INSERT INTO Operacao(id,plantacao_id,tipo_operacao_id,data,quantidade) values (246,104, 104, 44548, 60);
INSERT INTO Operacao(id,plantacao_id,tipo_operacao_id,data,quantidade) values (247,106, 107, 44548, 2500);
INSERT INTO Operacao(id,plantacao_id,tipo_operacao_id,data,quantidade) values (248,107, 104, 44548, 700);
INSERT INTO Operacao(id,plantacao_id,tipo_operacao_id,data,quantidade) values (249,106, 107, 44565, 2900);
INSERT INTO Operacao(id,plantacao_id,tipo_operacao_id,data,quantidade) values (250,107, 105, 44581, 3);
INSERT INTO Operacao(id,plantacao_id,tipo_operacao_id,data,quantidade) values (251,107, 105, 44581, 3.5);
INSERT INTO Operacao(id,plantacao_id,tipo_operacao_id,data,quantidade) values (252,106, 106, 44626, 0.9);
INSERT INTO Operacao(id,plantacao_id,tipo_operacao_id,data,quantidade) values (253,103, 108, 44639, 1.3);
INSERT INTO Operacao(id,plantacao_id,tipo_operacao_id,data,quantidade) values (254,101, 108, 44656, 1.3);
INSERT INTO Operacao(id,plantacao_id,tipo_operacao_id,data,quantidade) values (255,103, 106, 44659, 1.2);
INSERT INTO Operacao(id,plantacao_id,tipo_operacao_id,data,quantidade) values (256,101, 106, 44666, 30);
INSERT INTO Operacao(id,plantacao_id,tipo_operacao_id,data,quantidade) values (257,106, 107, 44686, 2250);
INSERT INTO Operacao(id,plantacao_id,tipo_operacao_id,data,quantidade) values (258,104, 103, 44694, 10);
INSERT INTO Operacao(id,plantacao_id,tipo_operacao_id,data,quantidade) values (259,106, 107, 44696, 1300);
INSERT INTO Operacao(id,plantacao_id,tipo_operacao_id,data,quantidade) values (260,106, 106, 44711, 0.6);
INSERT INTO Operacao(id,plantacao_id,tipo_operacao_id,data,quantidade) values (261,104, 102, 44717, 3);
INSERT INTO Operacao(id,plantacao_id,tipo_operacao_id,data,quantidade) values (262,106, 102, 44742, 3);
INSERT INTO Operacao(id,plantacao_id,tipo_operacao_id,data,quantidade) values (263,104, 102, 44744, 5.5);
INSERT INTO Operacao(id,plantacao_id,tipo_operacao_id,data,quantidade) values (264,102, 102, 44745, 0.8);
INSERT INTO Operacao(id,plantacao_id,tipo_operacao_id,data,quantidade) values (265,102, 102, 44745, 1.5);
INSERT INTO Operacao(id,plantacao_id,tipo_operacao_id,data,quantidade) values (266,107, 102, 44752, 5);
INSERT INTO Operacao(id,plantacao_id,tipo_operacao_id,data,quantidade) values (267,103, 102, 44754, 15);
INSERT INTO Operacao(id,plantacao_id,tipo_operacao_id,data,quantidade) values (268,106, 102, 44757, 3);
INSERT INTO Operacao(id,plantacao_id,tipo_operacao_id,data,quantidade) values (269,107, 107, 44757, 600);
INSERT INTO Operacao(id,plantacao_id,tipo_operacao_id,data,quantidade) values (270,107, 107, 44762, 500);
INSERT INTO Operacao(id,plantacao_id,tipo_operacao_id,data,quantidade) values (271,103, 102, 44766, 15);
INSERT INTO Operacao(id,plantacao_id,tipo_operacao_id,data,quantidade) values (272,104, 102, 44772, 5);
INSERT INTO Operacao(id,plantacao_id,tipo_operacao_id,data,quantidade) values (273,106, 102, 44772, 2.5);
INSERT INTO Operacao(id,plantacao_id,tipo_operacao_id,data,quantidade) values (274,103, 102, 44780, 15);
INSERT INTO Operacao(id,plantacao_id,tipo_operacao_id,data,quantidade) values (275,102, 102, 44783, 0.8);
INSERT INTO Operacao(id,plantacao_id,tipo_operacao_id,data,quantidade) values (276,102, 102, 44783, 1.5);
INSERT INTO Operacao(id,plantacao_id,tipo_operacao_id,data,quantidade) values (277,107, 107, 44785, 1200);
INSERT INTO Operacao(id,plantacao_id,tipo_operacao_id,data,quantidade) values (278,107, 107, 44785, 600);
INSERT INTO Operacao(id,plantacao_id,tipo_operacao_id,data,quantidade) values (279,101, 107, 44790, 3500);
INSERT INTO Operacao(id,plantacao_id,tipo_operacao_id,data,quantidade) values (280,106, 102, 44790, 3);
INSERT INTO Operacao(id,plantacao_id,tipo_operacao_id,data,quantidade) values (281,103, 107, 44791, 3300);
INSERT INTO Operacao(id,plantacao_id,tipo_operacao_id,data,quantidade) values (282,104, 107, 44793, 950);
INSERT INTO Operacao(id,plantacao_id,tipo_operacao_id,data,quantidade) values (283,106, 107, 44797, 650);
INSERT INTO Operacao(id,plantacao_id,tipo_operacao_id,data,quantidade) values (284,106, 107, 44809, 1900);
INSERT INTO Operacao(id,plantacao_id,tipo_operacao_id,data,quantidade) values (285,104, 107, 44811, 830);
INSERT INTO Operacao(id,plantacao_id,tipo_operacao_id,data,quantidade) values (286,104, 107, 44815, 750);
INSERT INTO Operacao(id,plantacao_id,tipo_operacao_id,data,quantidade) values (287,104, 107, 44824, 1150);
INSERT INTO Operacao(id,plantacao_id,tipo_operacao_id,data,quantidade) values (288,106, 106, 44824, 0.6);
INSERT INTO Operacao(id,plantacao_id,tipo_operacao_id,data,quantidade) values (289,103, 106, 44846, 1.3);
INSERT INTO Operacao(id,plantacao_id,tipo_operacao_id,data,quantidade) values (290,104, 107, 44851, 850);
INSERT INTO Operacao(id,plantacao_id,tipo_operacao_id,data,quantidade) values (291,104, 107, 44871, 900);
INSERT INTO Operacao(id,plantacao_id,tipo_operacao_id,data,quantidade) values (292,102, 104, 44875, 30);
INSERT INTO Operacao(id,plantacao_id,tipo_operacao_id,data,quantidade) values (293,102, 104, 44875, 20);
INSERT INTO Operacao(id,plantacao_id,tipo_operacao_id,data,quantidade) values (294,102, 107, 44877, 300);
INSERT INTO Operacao(id,plantacao_id,tipo_operacao_id,data,quantidade) values (295,102, 107, 44877, 200);
INSERT INTO Operacao(id,plantacao_id,tipo_operacao_id,data,quantidade) values (296,106, 107, 44880, 50);
INSERT INTO Operacao(id,plantacao_id,tipo_operacao_id,data,quantidade) values (297,104, 104, 44899, 70);
INSERT INTO Operacao(id,plantacao_id,tipo_operacao_id,data,quantidade) values (298,104, 104, 44902, 90);
INSERT INTO Operacao(id,plantacao_id,tipo_operacao_id,data,quantidade) values (299,102, 103, 44906, 15);
INSERT INTO Operacao(id,plantacao_id,tipo_operacao_id,data,quantidade) values (300,102, 103, 44906, 10);
INSERT INTO Operacao(id,plantacao_id,tipo_operacao_id,data,quantidade) values (301,107, 104, 44911, 500);
INSERT INTO Operacao(id,plantacao_id,tipo_operacao_id,data,quantidade) values (302,106, 107, 44913, 200);
INSERT INTO Operacao(id,plantacao_id,tipo_operacao_id,data,quantidade)values (303, 107, 104, 44913, 700);
INSERT INTO Operacao(id,plantacao_id,tipo_operacao_id,data,quantidade)values (304, 104, 104, 44938, 60);
INSERT INTO Operacao(id,plantacao_id,tipo_operacao_id,data,quantidade) values (305,106, 107, 44940, 250);
INSERT INTO Operacao(id,plantacao_id,tipo_operacao_id,data,quantidade) values (306,107, 105, 44946, 4);
INSERT INTO Operacao(id,plantacao_id,tipo_operacao_id,data,quantidade) values (307,107, 105, 44946, 5);
INSERT INTO Operacao(id,plantacao_id,tipo_operacao_id,data,quantidade) values (308,103, 108, 45005, 1.3);

INSERT INTO Plantacao(id, parcela_id, data_inicio) VALUES (101, NULL, NULL);
INSERT INTO Plantacao(id, parcela_id, data_inicio) VALUES (102, NULL, NULL);
INSERT INTO Plantacao(id, parcela_id, data_inicio) VALUES (103, NULL, NULL);
INSERT INTO Plantacao(id, parcela_id, data_inicio) VALUES (104, NULL, NULL);
INSERT INTO Plantacao(id, parcela_id, data_inicio) VALUES (105, NULL, NULL);
INSERT INTO Plantacao(id, parcela_id, data_inicio) VALUES (106, NULL, NULL);
INSERT INTO Plantacao(id, parcela_id, data_inicio) VALUES (107, NULL, NULL);
INSERT INTO Plantacao(id, parcela_id, data_inicio) VALUES (108, NULL, NULL);
INSERT INTO Plantacao(id, parcela_id, data_inicio) VALUES (109, NULL, NULL);
INSERT INTO Plantacao(id, parcela_id, data_inicio) VALUES (110, NULL, NULL);
INSERT INTO Plantacao(id, parcela_id, data_inicio) VALUES (111, NULL, NULL);
INSERT INTO Plantacao(id, parcela_id, data_inicio) VALUES (112, NULL, NULL);
INSERT INTO Plantacao(id, parcela_id, data_inicio) VALUES (113, NULL, NULL);
INSERT INTO Plantacao(id, parcela_id, data_inicio) VALUES (114, NULL, NULL);
INSERT INTO Plantacao(id, parcela_id, data_inicio) VALUES (115, NULL, NULL);
INSERT INTO Plantacao(id, parcela_id, data_inicio) VALUES (116, NULL, NULL);
INSERT INTO Plantacao(id, parcela_id, data_inicio) VALUES (117, NULL, NULL);
INSERT INTO Plantacao(id, parcela_id, data_inicio) VALUES (118, NULL, NULL);
INSERT INTO Plantacao(id, parcela_id, data_inicio) VALUES (119, NULL, NULL);
INSERT INTO Plantacao(id, parcela_id, data_inicio) VALUES (120, NULL, NULL);
INSERT INTO Plantacao(id, parcela_id, data_inicio) VALUES (121, NULL, NULL);
INSERT INTO Plantacao(id, parcela_id, data_inicio) VALUES (122, NULL, NULL);
INSERT INTO Plantacao(id, parcela_id, data_inicio) VALUES (123, NULL, NULL);
INSERT INTO Plantacao(id, parcela_id, data_inicio) VALUES (124, NULL, NULL);
INSERT INTO Plantacao(id, parcela_id, data_inicio) VALUES (125, NULL, NULL);
INSERT INTO Plantacao(id, parcela_id, data_inicio) VALUES (126, NULL, NULL);
INSERT INTO Plantacao(id, parcela_id, data_inicio) VALUES (127, NULL, NULL);

INSERT INTO Plantacao_Temporaria(plantacao_id, data_fim, quantidade) VALUES (101, TO_DATE('03/30/2021', 'MM/DD/YYYY'), 1.1);
INSERT INTO Plantacao_Temporaria(plantacao_id, data_fim, quantidade) VALUES (102, TO_DATE('08/12/2021', 'MM/DD/YYYY'), 0.9);
INSERT INTO Plantacao_Temporaria(plantacao_id, data_fim, quantidade) VALUES (103, TO_DATE('04/05/2022', 'MM/DD/YYYY'), 1.1);
INSERT INTO Plantacao_Temporaria(plantacao_id, data_fim, quantidade) VALUES (104, TO_DATE('08/21/2022', 'MM/DD/YYYY'), 0.9);
INSERT INTO Plantacao_Temporaria(plantacao_id, data_fim, quantidade) VALUES (105, TO_DATE('08/20/2020', 'MM/DD/YYYY'), 1.2);
INSERT INTO Plantacao_Temporaria(plantacao_id, data_fim, quantidade) VALUES (106, TO_DATE('03/15/2021', 'MM/DD/YYYY'), 1.3);
INSERT INTO Plantacao_Temporaria(plantacao_id, data_fim, quantidade) VALUES (107, TO_DATE('08/25/2021', 'MM/DD/YYYY'), 1.2);
INSERT INTO Plantacao_Temporaria(plantacao_id, data_fim, quantidade) VALUES (108, TO_DATE('03/19/2022', 'MM/DD/YYYY'), 1.3);
INSERT INTO Plantacao_Temporaria(plantacao_id, data_fim, quantidade) VALUES (109, TO_DATE('08/18/2022', 'MM/DD/YYYY'), 1.2);
INSERT INTO Plantacao_Temporaria(plantacao_id, data_fim, quantidade) VALUES (110, TO_DATE('03/20/2023', 'MM/DD/YYYY'), 1.3);
INSERT INTO Plantacao_Permanente(plantacao_id) VALUES (111);
INSERT INTO Plantacao_Permanente(plantacao_id) VALUES (112);

INSERT INTO Plantacao_Temporaria(plantacao_id, data_fim, quantidade) VALUES (113, TO_DATE('05/15/2020', 'MM/DD/YYYY'), 0.15);
INSERT INTO Plantacao_Temporaria(plantacao_id, data_fim, quantidade) VALUES (114, TO_DATE('09/08/2020', 'MM/DD/YYYY'), 0.1);
INSERT INTO Plantacao_Temporaria(plantacao_id, data_fim, quantidade) VALUES (115, TO_DATE('01/10/2021', 'MM/DD/YYYY'), 0.2);
INSERT INTO Plantacao_Temporaria(plantacao_id, data_fim, quantidade) VALUES (116, TO_DATE('05/15/2021', 'MM/DD/YYYY'), 0.15);
INSERT INTO Plantacao_Temporaria(plantacao_id, data_fim, quantidade) VALUES (117, TO_DATE('09/08/2021', 'MM/DD/YYYY'), 0.1);
INSERT INTO Plantacao_Temporaria(plantacao_id, data_fim, quantidade) VALUES (118, TO_DATE('01/10/2022', 'MM/DD/YYYY'), 0.2);
INSERT INTO Plantacao_Temporaria(plantacao_id, data_fim, quantidade) VALUES (119, TO_DATE('05/16/2022', 'MM/DD/YYYY'), 0.15);
INSERT INTO Plantacao_Temporaria(plantacao_id, data_fim, quantidade) VALUES (120, TO_DATE('09/05/2022', 'MM/DD/YYYY'), 0.15);
INSERT INTO Plantacao_Temporaria(plantacao_id, data_fim, quantidade) VALUES (121, TO_DATE('01/14/2023', 'MM/DD/YYYY'), 0.25);

INSERT INTO Plantacao_Permanente(plantacao_id) VALUES (122);
INSERT INTO Plantacao_Permanente(plantacao_id) VALUES (123);
INSERT INTO Plantacao_Permanente(plantacao_id) VALUES (124);
INSERT INTO Plantacao_Permanente(plantacao_id) VALUES (125);
INSERT INTO Plantacao_Permanente(plantacao_id) VALUES (126);
INSERT INTO Plantacao_Permanente(plantacao_id) VALUES (127);