INSERT INTO Plantacao(id, parcela_id, data_inicio) VALUES (101, NULL, NULL);
INSERT INTO Plantacao(id, parcela_id, data_inicio) VALUES (102, NULL, NULL);
INSERT INTO Plantacao(id, parcela_id, data_inicio) VALUES (103, NULL, NULL);
INSERT INTO Plantacao(id, parcela_id, data_inicio) VALUES (104, NULL, NULL);
INSERT INTO Plantacao(id, parcela_id, data_inicio) VALUES (105, NULL, NULL);
INSERT INTO Plantacao(id, parcela_id, data_inicio) VALUES (106, NULL, NULL);
INSERT INTO Plantacao(id, parcela_id, data_inicio) VALUES (107, NULL, NULL);
INSERT INTO Plantacao(id, parcela_id, data_inicio) VALUES (108, NULL, NULL);
INSERT INTO Plantacao(id, parcela_id, data_inicio) VALUES (109, NULL, NULL);
INSERT INTO Plantacao(id, parcela_id, data_inicio) VALUES (110, NULL, NULL);
INSERT INTO Plantacao(id, parcela_id, data_inicio) VALUES (111, NULL, NULL);
INSERT INTO Plantacao(id, parcela_id, data_inicio) VALUES (112, NULL, NULL);
INSERT INTO Plantacao(id, parcela_id, data_inicio) VALUES (113, NULL, NULL);
INSERT INTO Plantacao(id, parcela_id, data_inicio) VALUES (114, NULL, NULL);
INSERT INTO Plantacao(id, parcela_id, data_inicio) VALUES (115, NULL, NULL);
INSERT INTO Plantacao(id, parcela_id, data_inicio) VALUES (116, NULL, NULL);
INSERT INTO Plantacao(id, parcela_id, data_inicio) VALUES (117, NULL, NULL);
INSERT INTO Plantacao(id, parcela_id, data_inicio) VALUES (118, NULL, NULL);
INSERT INTO Plantacao(id, parcela_id, data_inicio) VALUES (119, NULL, NULL);
INSERT INTO Plantacao(id, parcela_id, data_inicio) VALUES (120, NULL, NULL);
INSERT INTO Plantacao(id, parcela_id, data_inicio) VALUES (121, NULL, NULL);
INSERT INTO Plantacao(id, parcela_id, data_inicio) VALUES (122, NULL, NULL);
INSERT INTO Plantacao(id, parcela_id, data_inicio) VALUES (123, NULL, NULL);
INSERT INTO Plantacao(id, parcela_id, data_inicio) VALUES (124, NULL, NULL);
INSERT INTO Plantacao(id, parcela_id, data_inicio) VALUES (125, NULL, NULL);
INSERT INTO Plantacao(id, parcela_id, data_inicio) VALUES (126, NULL, NULL);
INSERT INTO Plantacao(id, parcela_id, data_inicio) VALUES (127, NULL, NULL);


INSERT INTO Plantacao_Temporaria(plantacao_id, data_fim, quantidade) VALUES (101, TO_DATE('03/30/2021', 'MM/DD/YYYY'), 1.1);
INSERT INTO Plantacao_Temporaria(plantacao_id, data_fim, quantidade) VALUES (102, TO_DATE('08/12/2021', 'MM/DD/YYYY'), 0.9);
INSERT INTO Plantacao_Temporaria(plantacao_id, data_fim, quantidade) VALUES (103, TO_DATE('04/05/2022', 'MM/DD/YYYY'), 1.1);
INSERT INTO Plantacao_Temporaria(plantacao_id, data_fim, quantidade) VALUES (104, TO_DATE('08/21/2022', 'MM/DD/YYYY'), 0.9);
INSERT INTO Plantacao_Temporaria(plantacao_id, data_fim, quantidade) VALUES (105, TO_DATE('08/20/2020', 'MM/DD/YYYY'), 1.2);
INSERT INTO Plantacao_Temporaria(plantacao_id, data_fim, quantidade) VALUES (106, TO_DATE('03/15/2021', 'MM/DD/YYYY'), 1.3);
INSERT INTO Plantacao_Temporaria(plantacao_id, data_fim, quantidade) VALUES (107, TO_DATE('08/25/2021', 'MM/DD/YYYY'), 1.2);
INSERT INTO Plantacao_Temporaria(plantacao_id, data_fim, quantidade) VALUES (108, TO_DATE('03/19/2022', 'MM/DD/YYYY'), 1.3);
INSERT INTO Plantacao_Temporaria(plantacao_id, data_fim, quantidade) VALUES (109, TO_DATE('08/18/2022', 'MM/DD/YYYY'), 1.2);
INSERT INTO Plantacao_Temporaria(plantacao_id, data_fim, quantidade) VALUES (110, TO_DATE('03/20/2023', 'MM/DD/YYYY'), 1.3);
INSERT INTO Plantacao_Permanente(plantacao_id) VALUES (111);
INSERT INTO Plantacao_Permanente(plantacao_id) VALUES (112);


INSERT INTO Plantacao_Temporaria(plantacao_id, data_fim, quantidade) VALUES (113, TO_DATE('05/15/2020', 'MM/DD/YYYY'), 0.15);
INSERT INTO Plantacao_Temporaria(plantacao_id, data_fim, quantidade) VALUES (114, TO_DATE('09/08/2020', 'MM/DD/YYYY'), 0.1);
INSERT INTO Plantacao_Temporaria(plantacao_id, data_fim, quantidade) VALUES (115, TO_DATE('01/10/2021', 'MM/DD/YYYY'), 0.2);
INSERT INTO Plantacao_Temporaria(plantacao_id, data_fim, quantidade) VALUES (116, TO_DATE('05/15/2021', 'MM/DD/YYYY'), 0.15);
INSERT INTO Plantacao_Temporaria(plantacao_id, data_fim, quantidade) VALUES (117, TO_DATE('09/08/2021', 'MM/DD/YYYY'), 0.1);
INSERT INTO Plantacao_Temporaria(plantacao_id, data_fim, quantidade) VALUES (118, TO_DATE('01/10/2022', 'MM/DD/YYYY'), 0.2);
INSERT INTO Plantacao_Temporaria(plantacao_id, data_fim, quantidade) VALUES (119, TO_DATE('05/16/2022', 'MM/DD/YYYY'), 0.15);
INSERT INTO Plantacao_Temporaria(plantacao_id, data_fim, quantidade) VALUES (120, TO_DATE('09/05/2022', 'MM/DD/YYYY'), 0.15);
INSERT INTO Plantacao_Temporaria(plantacao_id, data_fim, quantidade) VALUES (121, TO_DATE('01/14/2023', 'MM/DD/YYYY'), 0.25);
INSERT INTO Plantacao_Permanente(plantacao_id) VALUES (122);
INSERT INTO Plantacao_Permanente(plantacao_id) VALUES (123);
INSERT INTO Plantacao_Permanente(plantacao_id) VALUES (124);
INSERT INTO Plantacao_Permanente(plantacao_id) VALUES (125);
INSERT INTO Plantacao_Permanente(plantacao_id) VALUES (126);
INSERT INTO Plantacao_Permanente(plantacao_id) VALUES (127);