INSERT INTO Plantacao(id, parcela_id, data_inicio) VALUES (101, 101, TO_DATE('10/10/2020', 'DD/MM/YYYY'));
INSERT INTO Plantacao(id, parcela_id, data_inicio) VALUES (102, 101, TO_DATE('10/04/2021', 'DD/MM/YYYY'));
INSERT INTO Plantacao(id, parcela_id, data_inicio) VALUES (103, 101, TO_DATE('03/10/2021', 'DD/MM/YYYY'));
INSERT INTO Plantacao(id, parcela_id, data_inicio) VALUES (104, 101, TO_DATE('15/04/2022', 'DD/MM/YYYY'));
INSERT INTO Plantacao(id, parcela_id, data_inicio) VALUES (105, 103, TO_DATE('05/04/2020', 'DD/MM/YYYY'));
INSERT INTO Plantacao(id, parcela_id, data_inicio) VALUES (106, 103, TO_DATE('12/10/2020', 'DD/MM/YYYY'));
INSERT INTO Plantacao(id, parcela_id, data_inicio) VALUES (107, 103, TO_DATE('03/04/2021', 'DD/MM/YYYY'));
INSERT INTO Plantacao(id, parcela_id, data_inicio) VALUES (108, 103, TO_DATE('06/10/2021', 'DD/MM/YYYY'));
INSERT INTO Plantacao(id, parcela_id, data_inicio) VALUES (109, 103, TO_DATE('08/04/2022', 'DD/MM/YYYY'));
INSERT INTO Plantacao(id, parcela_id, data_inicio) VALUES (110, 103, TO_DATE('12/10/2022', 'DD/MM/YYYY'));
INSERT INTO Plantacao(id, parcela_id, data_inicio) VALUES (111, 102, TO_DATE('06/10/2016', 'DD/MM/YYYY'));
INSERT INTO Plantacao(id, parcela_id, data_inicio) VALUES (112, 102, TO_DATE('10/10/2016', 'DD/MM/YYYY'));
INSERT INTO Plantacao(id, parcela_id, data_inicio) VALUES (113, NULL, TO_DATE('10/03/2020', 'DD/MM/YYYY'));
INSERT INTO Plantacao(id, parcela_id, data_inicio) VALUES (114, NULL, TO_DATE('02/06/2020', 'DD/MM/YYYY'));
INSERT INTO Plantacao(id, parcela_id, data_inicio) VALUES (115, NULL, TO_DATE('20/09/2020', 'DD/MM/YYYY'));
INSERT INTO Plantacao(id, parcela_id, data_inicio) VALUES (116, NULL, TO_DATE('10/03/2021', 'DD/MM/YYYY'));
INSERT INTO Plantacao(id, parcela_id, data_inicio) VALUES (117, NULL, TO_DATE('02/06/2021', 'DD/MM/YYYY'));
INSERT INTO Plantacao(id, parcela_id, data_inicio) VALUES (118, 104, TO_DATE('20/09/2021', 'DD/MM/YYYY'));
INSERT INTO Plantacao(id, parcela_id, data_inicio) VALUES (119, 104, TO_DATE('06/03/2022', 'DD/MM/YYYY'));
INSERT INTO Plantacao(id, parcela_id, data_inicio) VALUES (120, 104, TO_DATE('30/05/2022', 'DD/MM/YYYY'));
INSERT INTO Plantacao(id, parcela_id, data_inicio) VALUES (121, 104, TO_DATE('20/09/2022', 'DD/MM/YYYY'));
INSERT INTO Plantacao(id, parcela_id, data_inicio) VALUES (122, 104, TO_DATE('07/01/2017', 'DD/MM/YYYY'));
INSERT INTO Plantacao(id, parcela_id, data_inicio) VALUES (123, 104, TO_DATE('08/01/2017', 'DD/MM/YYYY'));
INSERT INTO Plantacao(id, parcela_id, data_inicio) VALUES (124, 104, TO_DATE('08/01/2017', 'DD/MM/YYYY'));
INSERT INTO Plantacao(id, parcela_id, data_inicio) VALUES (125, 104, TO_DATE('10/12/2018', 'DD/MM/YYYY'));
INSERT INTO Plantacao(id, parcela_id, data_inicio) VALUES (126, 107, TO_DATE('10/01/2018', 'DD/MM/YYYY'));
INSERT INTO Plantacao(id, parcela_id, data_inicio) VALUES (127, 107, TO_DATE('11/01/2018', 'DD/MM/YYYY'));

INSERT INTO Plantacao_Temporaria(plantacao_id, data_fim, quantidade) VALUES (101, TO_DATE('03/30/2021', 'MM/DD/YYYY'), 1.1);
INSERT INTO Plantacao_Temporaria(plantacao_id, data_fim, quantidade) VALUES (102, TO_DATE('08/12/2021', 'MM/DD/YYYY'), 0.9);
INSERT INTO Plantacao_Temporaria(plantacao_id, data_fim, quantidade) VALUES (103, TO_DATE('04/05/2022', 'MM/DD/YYYY'), 1.1);
INSERT INTO Plantacao_Temporaria(plantacao_id, data_fim, quantidade) VALUES (104, TO_DATE('08/21/2022', 'MM/DD/YYYY'), 0.9);
INSERT INTO Plantacao_Temporaria(plantacao_id, data_fim, quantidade) VALUES (105, TO_DATE('08/20/2020', 'MM/DD/YYYY'), 1.2);
INSERT INTO Plantacao_Temporaria(plantacao_id, data_fim, quantidade) VALUES (106, TO_DATE('03/15/2021', 'MM/DD/YYYY'), 1.3);
INSERT INTO Plantacao_Temporaria(plantacao_id, data_fim, quantidade) VALUES (107, TO_DATE('08/25/2021', 'MM/DD/YYYY'), 1.2);
INSERT INTO Plantacao_Temporaria(plantacao_id, data_fim, quantidade) VALUES (108, TO_DATE('03/19/2022', 'MM/DD/YYYY'), 1.3);
INSERT INTO Plantacao_Temporaria(plantacao_id, data_fim, quantidade) VALUES (109, TO_DATE('08/18/2022', 'MM/DD/YYYY'), 1.2);
INSERT INTO Plantacao_Temporaria(plantacao_id, data_fim, quantidade) VALUES (110, TO_DATE('03/20/2023', 'MM/DD/YYYY'), 1.3);
INSERT INTO Plantacao_Permanente(plantacao_id) VALUES (111);
INSERT INTO Plantacao_Permanente(plantacao_id) VALUES (112);
INSERT INTO Plantacao_Temporaria(plantacao_id, data_fim, quantidade) VALUES (113, TO_DATE('15/05/2020', 'DD/MM/YYYY'), 1.1);
INSERT INTO Plantacao_Temporaria(plantacao_id, data_fim, quantidade) VALUES (114, TO_DATE('08/09/2020', 'DD/MM/YYYY'), 0.9);
INSERT INTO Plantacao_Temporaria(plantacao_id, data_fim, quantidade) VALUES (115, TO_DATE('10/01/2021', 'DD/MM/YYYY'), 1.1);
INSERT INTO Plantacao_Temporaria(plantacao_id, data_fim, quantidade) VALUES (116, TO_DATE('15/05/2021', 'DD/MM/YYYY'), 0.9);
INSERT INTO Plantacao_Temporaria(plantacao_id, data_fim, quantidade) VALUES (117, TO_DATE('08/09/2021', 'DD/MM/YYYY'), 1.2);
INSERT INTO Plantacao_Temporaria(plantacao_id, data_fim, quantidade) VALUES (118, TO_DATE('10/01/2022', 'DD/MM/YYYY'), 1.3);
INSERT INTO Plantacao_Temporaria(plantacao_id, data_fim, quantidade) VALUES (119, TO_DATE('16/05/2022', 'DD/MM/YYYY'), 1.2);
INSERT INTO Plantacao_Temporaria(plantacao_id, data_fim, quantidade) VALUES (120, TO_DATE('05/09/2022', 'DD/MM/YYYY'), 1.3);
INSERT INTO Plantacao_Temporaria(plantacao_id, data_fim, quantidade) VALUES (121, TO_DATE('14/01/2023', 'DD/MM/YYYY'), 1.2);
INSERT INTO Plantacao_Permanente(plantacao_id) VALUES (122);
INSERT INTO Plantacao_Permanente(plantacao_id) VALUES (123);
INSERT INTO Plantacao_Permanente(plantacao_id) VALUES (124);
INSERT INTO Plantacao_Permanente(plantacao_id) VALUES (125);
INSERT INTO Plantacao_Permanente(plantacao_id) VALUES (126);
INSERT INTO Plantacao_Permanente(plantacao_id) VALUES (127);


