-- DADOS LEGACY

INSERT INTO Cultura(id, nome_comum, nome_cientifico)
values (1, 'Ameixoeira', 'Prunus domestica');
INSERT INTO Cultura(id, nome_comum, nome_cientifico)
values (2, 'Damasqueiro', 'Prunus armeniaca');
INSERT INTO Cultura(id, nome_comum, nome_cientifico)
values (3, 'Macieira', 'Malus domestica');
INSERT INTO Cultura(id, nome_comum, nome_cientifico)
values (4, 'Pera Nashi', 'Pyrus pyrifolia');
INSERT INTO Cultura(id, nome_comum, nome_cientifico)
values (5, 'Cenoura', 'Daucus carota subsp. Sativus');
INSERT INTO Cultura(id, nome_comum, nome_cientifico)
values (6, 'Tremoço', 'Lupinus luteus');
INSERT INTO Cultura(id, nome_comum, nome_cientifico)
values (6, 'Tremoço', 'Lupinus albus');
INSERT INTO Cultura(id, nome_comum, nome_cientifico)
values (8, 'Milho', 'Zea mays');
INSERT INTO Cultura(id, nome_comum, nome_cientifico)
values (9, 'Nabo greleiro', 'Brassica rapa');
INSERT INTO Cultura(id, nome_comum, nome_cientifico)
values (11, 'Oliveira', 'Olea europaea');
INSERT INTO Cultura(id, nome_comum, nome_cientifico)
values (10, 'Nabo', 'Brassica rapa');
INSERT INTO Cultura(id, nome_comum, nome_cientifico)
values (12, 'Videira', 'Vitis vinifera');


INSERT INTO Variedade(id, nome, cultura_id)
values (1, 'Ameixoeira Rainha Claudia Caranguejeira', 1);
INSERT INTO Variedade(id, nome, cultura_id)
values (2, 'Ameixoeira President', 1);
INSERT INTO Variedade(id, nome, cultura_id)
values (3, 'Ameixoeira Stanley', 1);
INSERT INTO Variedade(id, nome, cultura_id)
values (4, 'Ameixoeira Angeleno', 1);
INSERT INTO Variedade(id, nome, cultura_id)
values (5, 'Ameixoeira Black Beauty', 1);
INSERT INTO Variedade(id, nome, cultura_id)
values (6, 'Ameixoeira Black Star', 1);
INSERT INTO Variedade(id, nome, cultura_id)
values (7, 'Ameixoeira Black Gold', 1);
INSERT INTO Variedade(id, nome, cultura_id)
values (8, 'Ameixoeira Black Diamond', 1);
INSERT INTO Variedade(id, nome, cultura_id)
values (9, 'Ameixoeira Black Amber', 1);
INSERT INTO Variedade(id, nome, cultura_id)
values (10, 'Ameixoeira Black Splendor', 1);
INSERT INTO Variedade(id, nome, cultura_id)
values (11, 'Ameixoeira Fortuna', 1);
INSERT INTO Variedade(id, nome, cultura_id)
values (12, 'Ameixoeira Friar', 1);
INSERT INTO Variedade(id, nome, cultura_id)
values (13, 'Ameixoeira El Dorado', 1);
INSERT INTO Variedade(id, nome, cultura_id)
values (14, 'Ameixoeira Elephant Heart', 1);
INSERT INTO Variedade(id, nome, cultura_id)
values (15, 'Ameixoeira Golden Japan', 1);
INSERT INTO Variedade(id, nome, cultura_id)
values (16, 'Ameixoeira Harry Pitchon', 1);
INSERT INTO Variedade(id, nome, cultura_id)
values (17, 'Ameixoeira Laetitia', 1);
INSERT INTO Variedade(id, nome, cultura_id)
values (18, 'Ameixoeira Metley', 1);
INSERT INTO Variedade(id, nome, cultura_id)
values (19, 'Ameixoeira Mirabelle de Nancy', 1);
INSERT INTO Variedade(id, nome, cultura_id)
values (20, 'Ameixoeira Queen Rose', 1);
INSERT INTO Variedade(id, nome, cultura_id)
values (21, 'Ameixoeira Red Beaut', 1);
INSERT INTO Variedade(id, nome, cultura_id)
values (22, 'Ameixoeira Santa Rosa', 1);
INSERT INTO Variedade(id, nome, cultura_id)
values (23, 'Ameixoeira Shiro', 1);
INSERT INTO Variedade(id, nome, cultura_id)
values (24, 'Ameixoeira Sungold', 1);
INSERT INTO Variedade(id, nome, cultura_id)
values (25, 'Ameixoeira Wilson Perfection', 1);
INSERT INTO Variedade(id, nome, cultura_id)
values (26, 'Ameixoeira Autumn Giant', 1);
INSERT INTO Variedade(id, nome, cultura_id)
values (27, 'Damasqueiro Bulida', 2);
INSERT INTO Variedade(id, nome, cultura_id)
values (28, 'Damasqueiro Canino', 2);
INSERT INTO Variedade(id, nome, cultura_id)
values (29, 'Damasqueiro Liabaud', 2);
INSERT INTO Variedade(id, nome, cultura_id)
values (30, 'Damasqueiro Maillot Jaune', 2);
INSERT INTO Variedade(id, nome, cultura_id)
values (31, 'Damasqueiro Polonais', 2);
INSERT INTO Variedade(id, nome, cultura_id)
values (32, 'Macieira Akane', 3);
INSERT INTO Variedade(id, nome, cultura_id)
values (33, 'Macieira Belgolden', 3);
INSERT INTO Variedade(id, nome, cultura_id)
values (34, 'Macieira Bravo de Esmolfe', 3);
INSERT INTO Variedade(id, nome, cultura_id)
values (35, 'Macieira Casa Nova de Alcobaça', 3);
INSERT INTO Variedade(id, nome, cultura_id)
values (36, 'Macieira Erovan', 3);
INSERT INTO Variedade(id, nome, cultura_id)
values (37, 'Macieira Fuji', 3);
INSERT INTO Variedade(id, nome, cultura_id)
values (38, 'Macieira Granny Smith', 3);
INSERT INTO Variedade(id, nome, cultura_id)
values (39, 'Macieira Golden Delicious', 3);
INSERT INTO Variedade(id, nome, cultura_id)
values (40, 'Macieira Hi-Early', 3);
INSERT INTO Variedade(id, nome, cultura_id)
values (41, 'Macieira Jonagored', 3);
INSERT INTO Variedade(id, nome, cultura_id)
values (42, 'Macieira Lysgolden', 3);
INSERT INTO Variedade(id, nome, cultura_id)
values (43, 'Macieira Mutsu', 3);
INSERT INTO Variedade(id, nome, cultura_id)
values (44, 'Macieira Porta da Loja', 3);
INSERT INTO Variedade(id, nome, cultura_id)
values (45, 'Macieira Reinette ou Canada', 3);
INSERT INTO Variedade(id, nome, cultura_id)
values (46, 'Macieira Reinette ou Grand Fay', 3);
INSERT INTO Variedade(id, nome, cultura_id)
values (47, 'Macieira Riscadinha de Palmela', 3);
INSERT INTO Variedade(id, nome, cultura_id)
values (48, 'Macieira Royal Gala', 3);
INSERT INTO Variedade(id, nome, cultura_id)
values (49, 'Macieira Redchief', 3);
INSERT INTO Variedade(id, nome, cultura_id)
values (50, 'Macieira Starking', 3);
INSERT INTO Variedade(id, nome, cultura_id)
values (51, 'Macieira Summer Red', 3);
INSERT INTO Variedade(id, nome, cultura_id)
values (52, 'Macieira Wellspur Delicious', 3);
INSERT INTO Variedade(id, nome, cultura_id)
values (53, 'Macieira Noiva', 3);
INSERT INTO Variedade(id, nome, cultura_id)
values (54, 'Macieira Olho Aberto', 3);
INSERT INTO Variedade(id, nome, cultura_id)
values (55, 'Macieira Camoesa Rosa', 3);
INSERT INTO Variedade(id, nome, cultura_id)
values (56, 'Macieira Malapio', 3);
INSERT INTO Variedade(id, nome, cultura_id)
values (57, 'Macieira Gronho Doce', 3);
INSERT INTO Variedade(id, nome, cultura_id)
values (58, 'Macieira Pé de Boi', 3);
INSERT INTO Variedade(id, nome, cultura_id)
values (59, 'Macieira Pinova', 3);
INSERT INTO Variedade(id, nome, cultura_id)
values (60, 'Macieira Pardo Lindo', 3);
INSERT INTO Variedade(id, nome, cultura_id)
values (61, 'Macieira Pipo de Basto', 3);
INSERT INTO Variedade(id, nome, cultura_id)
values (62, 'Macieira Prima', 3);
INSERT INTO Variedade(id, nome, cultura_id)
values (63, 'Macieira Querina', 3);
INSERT INTO Variedade(id, nome, cultura_id)
values (64, 'Macieira Vista Bella', 3);
INSERT INTO Variedade(id, nome, cultura_id)
values (65, 'Macieira Golden Smoothee', 3);
INSERT INTO Variedade(id, nome, cultura_id)
values (66, 'Macieira Golden Suprema', 3);
INSERT INTO Variedade(id, nome, cultura_id)
values (67, 'Macieira Gloster 69', 3);
INSERT INTO Variedade(id, nome, cultura_id)
values (68, 'Macieira Freedom', 3);
INSERT INTO Variedade(id, nome, cultura_id)
values (69, 'Pera Nashi Sninseiki', 4);
INSERT INTO Variedade(id, nome, cultura_id)
values (70, 'Pera Nashi Kumoi', 4);
INSERT INTO Variedade(id, nome, cultura_id)
values (71, 'Pera Nashi Hosui', 4);
INSERT INTO Variedade(id, nome, cultura_id)
values (72, 'Pera Nashi Nijisseiki', 4);
INSERT INTO Variedade(id, nome, cultura_id)
values (73, 'Cenoura Carson Hybrid', 5);
INSERT INTO Variedade(id, nome, cultura_id)
values (74, 'Cenoura Red Cored Chantenay', 5);
INSERT INTO Variedade(id, nome, cultura_id)
values (75, 'Cenoura Danvers Half Long', 5);
INSERT INTO Variedade(id, nome, cultura_id)
values (76, 'Cenoura Imperator 58', 5);
INSERT INTO Variedade(id, nome, cultura_id)
values (77, 'Cenoura Sugarsnax Hybrid', 5);
INSERT INTO Variedade(id, nome, cultura_id)
values (78, 'Cenoura Nelson Hybrid', 5);
INSERT INTO Variedade(id, nome, cultura_id)
values (79, 'Cenoura Scarlet Nantes', 5);
INSERT INTO Variedade(id, nome, cultura_id)
values (80, 'Tremoço Amarelo', 6);
INSERT INTO Variedade(id, nome, cultura_id)
values (81, 'Tremoço Branco', 6);
INSERT INTO Variedade(id, nome, cultura_id)
values (82, 'Milho Mas 24.C', 8);
INSERT INTO Variedade(id, nome, cultura_id)
values (83, 'Milho Doce Golden Bantam', 8);
INSERT INTO Variedade(id, nome, cultura_id)
values (84, 'Nabo Greleiro Senhora Conceição', 9);
INSERT INTO Variedade(id, nome, cultura_id)
values (85, 'Oliveira Cobrançosa', 11);
INSERT INTO Variedade(id, nome, cultura_id)
values (86, 'Oliveira Arbequina', 11);
INSERT INTO Variedade(id, nome, cultura_id)
values (87, 'Oliveira Hojiblanca', 11);
INSERT INTO Variedade(id, nome, cultura_id)
values (88, 'Oliveira Negrinha do Freixo', 11);
INSERT INTO Variedade(id, nome, cultura_id)
values (89, 'Oliveira Picual', 11);
INSERT INTO Variedade(id, nome, cultura_id)
values (90, 'Oliveira Maçanilha', 11);
INSERT INTO Variedade(id, nome, cultura_id)
values (91, 'Oliveira Conserva de Elvas', 11);
INSERT INTO Variedade(id, nome, cultura_id)
values (92, 'Oliveira Galega', 11);
INSERT INTO Variedade(id, nome, cultura_id)
values (93, 'Nabo S. Cosme', 10);
INSERT INTO Variedade(id, nome, cultura_id)
values (94, 'Videira Dona Maria', 12);
INSERT INTO Variedade(id, nome, cultura_id)
values (95, 'Videira Cardinal', 12);

INSERT INTO Variedade_Permanente(variedade_id, fase_poda, fase_floracao, fase_colheita)
VALUES (1, 'Novembro a dezembro', 'Fevereiro a março', 'Julho a agosto');
INSERT INTO Variedade_Permanente(variedade_id, fase_poda, fase_floracao, fase_colheita)
VALUES (2, 'Novembro a dezembro', 'Fevereiro a março', 'Julho a agosto');
INSERT INTO Variedade_Permanente(variedade_id, fase_poda, fase_floracao, fase_colheita)
VALUES (3, 'Novembro a dezembro', 'Fevereiro a março', 'Julho a agosto');
INSERT INTO Variedade_Permanente(variedade_id, fase_poda, fase_floracao, fase_colheita)
VALUES (4, 'Novembro a dezembro', 'Fevereiro a março', 'Julho a agosto');
INSERT INTO Variedade_Permanente(variedade_id, fase_poda, fase_floracao, fase_colheita)
VALUES (5, 'Novembro a dezembro', 'Fevereiro a março', 'Julho a agosto');
INSERT INTO Variedade_Permanente(variedade_id, fase_poda, fase_floracao, fase_colheita)
VALUES (6, 'Novembro a dezembro', 'Fevereiro a março', 'Julho a agosto');
INSERT INTO Variedade_Permanente(variedade_id, fase_poda, fase_floracao, fase_colheita)
VALUES (7, 'Novembro a dezembro', 'Fevereiro a março', 'Julho a agosto');
INSERT INTO Variedade_Permanente(variedade_id, fase_poda, fase_floracao, fase_colheita)
VALUES (8, 'Novembro a dezembro', 'Fevereiro a março', 'Julho a agosto');
INSERT INTO Variedade_Permanente(variedade_id, fase_poda, fase_floracao, fase_colheita)
VALUES (9, 'Novembro a dezembro', 'Fevereiro a março', 'Julho a agosto');
INSERT INTO Variedade_Permanente(variedade_id, fase_poda, fase_floracao, fase_colheita)
VALUES (10, 'Novembro a dezembro', 'Fevereiro a março', 'Julho a agosto');
INSERT INTO Variedade_Permanente(variedade_id, fase_poda, fase_floracao, fase_colheita)
VALUES (11, 'Novembro a dezembro', 'Fevereiro a março', 'Julho a agosto');
INSERT INTO Variedade_Permanente(variedade_id, fase_poda, fase_floracao, fase_colheita)
VALUES (12, 'Novembro a dezembro', 'Fevereiro a março', 'Julho a agosto');
INSERT INTO Variedade_Permanente(variedade_id, fase_poda, fase_floracao, fase_colheita)
VALUES (13, 'Novembro a dezembro', 'Fevereiro a março', 'Julho a agosto');
INSERT INTO Variedade_Permanente(variedade_id, fase_poda, fase_floracao, fase_colheita)
VALUES (14, 'Novembro a dezembro', 'Fevereiro a março', 'Julho a agosto');
INSERT INTO Variedade_Permanente(variedade_id, fase_poda, fase_floracao, fase_colheita)
VALUES (15, 'Novembro a dezembro', 'Fevereiro a março', 'Julho a agosto');
INSERT INTO Variedade_Permanente(variedade_id, fase_poda, fase_floracao, fase_colheita)
VALUES (16, 'Novembro a dezembro', 'Fevereiro a março', 'Julho a agosto');
INSERT INTO Variedade_Permanente(variedade_id, fase_poda, fase_floracao, fase_colheita)
VALUES (17, 'Novembro a dezembro', 'Fevereiro a março', 'Julho a agosto');
INSERT INTO Variedade_Permanente(variedade_id, fase_poda, fase_floracao, fase_colheita)
VALUES (18, 'Novembro a dezembro', 'Fevereiro a março', 'Julho a agosto');
INSERT INTO Variedade_Permanente(variedade_id, fase_poda, fase_floracao, fase_colheita)
VALUES (19, 'Novembro a dezembro', 'Fevereiro a março', 'Julho a agosto');
INSERT INTO Variedade_Permanente(variedade_id, fase_poda, fase_floracao, fase_colheita)
VALUES (20, 'Novembro a dezembro', 'Fevereiro a março', 'Julho a agosto');
INSERT INTO Variedade_Permanente(variedade_id, fase_poda, fase_floracao, fase_colheita)
VALUES (21, 'Novembro a dezembro', 'Fevereiro a março', 'Julho a agosto');
INSERT INTO Variedade_Permanente(variedade_id, fase_poda, fase_floracao, fase_colheita)
VALUES (22, 'Novembro a dezembro', 'Fevereiro a março', 'Julho a agosto');
INSERT INTO Variedade_Permanente(variedade_id, fase_poda, fase_floracao, fase_colheita)
VALUES (23, 'Novembro a dezembro', 'Fevereiro a março', 'Julho a agosto');
INSERT INTO Variedade_Permanente(variedade_id, fase_poda, fase_floracao, fase_colheita)
VALUES (24, 'Novembro a dezembro', 'Fevereiro a março', 'Julho a agosto');
INSERT INTO Variedade_Permanente(variedade_id, fase_poda, fase_floracao, fase_colheita)
VALUES (25, 'Novembro a dezembro', 'Fevereiro a março', 'Julho a agosto');
INSERT INTO Variedade_Permanente(variedade_id, fase_poda, fase_floracao, fase_colheita)
VALUES (26, 'Novembro a dezembro', 'Fevereiro a março', 'Julho a agosto');
INSERT INTO Variedade_Permanente(variedade_id, fase_poda, fase_floracao, fase_colheita)
VALUES (27, 'Novembro a dezembro', 'Fevereiro a março', 'Julho a agosto');
INSERT INTO Variedade_Permanente(variedade_id, fase_poda, fase_floracao, fase_colheita)
VALUES (28, 'Novembro a dezembro', 'Fevereiro a março', 'Julho a agosto');
INSERT INTO Variedade_Permanente(variedade_id, fase_poda, fase_floracao, fase_colheita)
VALUES (29, 'Novembro a dezembro', 'Fevereiro a março', 'Julho a agosto');
INSERT INTO Variedade_Permanente(variedade_id, fase_poda, fase_floracao, fase_colheita)
VALUES (30, 'Novembro a dezembro', 'Fevereiro a março', 'Julho a agosto');
INSERT INTO Variedade_Permanente(variedade_id, fase_poda, fase_floracao, fase_colheita)
VALUES (31, 'Novembro a dezembro', 'Fevereiro a março', 'Julho a agosto');
INSERT INTO Variedade_Permanente(variedade_id, fase_poda, fase_floracao, fase_colheita)
VALUES (32, 'Novembro a dezembro', 'Março a abril', 'Agosto a setembro');
INSERT INTO Variedade_Permanente(variedade_id, fase_poda, fase_floracao, fase_colheita)
VALUES (33, 'Novembro a dezembro', 'Março a abril', 'Agosto a setembro');
INSERT INTO Variedade_Permanente(variedade_id, fase_poda, fase_floracao, fase_colheita)
VALUES (34, 'Novembro a dezembro', 'Março a abril', 'Agosto a setembro');
INSERT INTO Variedade_Permanente(variedade_id, fase_poda, fase_floracao, fase_colheita)
VALUES (35, 'Novembro a dezembro', 'Março a abril', 'Agosto a setembro');
INSERT INTO Variedade_Permanente(variedade_id, fase_poda, fase_floracao, fase_colheita)
VALUES (36, 'Novembro a dezembro', 'Março a abril', 'Agosto a setembro');
INSERT INTO Variedade_Permanente(variedade_id, fase_poda, fase_floracao, fase_colheita)
VALUES (37, 'Novembro a dezembro', 'Março a abril', 'Agosto a setembro');
INSERT INTO Variedade_Permanente(variedade_id, fase_poda, fase_floracao, fase_colheita)
VALUES (38, 'Novembro a dezembro', 'Março a abril', 'Agosto a setembro');
INSERT INTO Variedade_Permanente(variedade_id, fase_poda, fase_floracao, fase_colheita)
VALUES (39, 'Novembro a dezembro', 'Março a abril', 'Agosto a setembro');
INSERT INTO Variedade_Permanente(variedade_id, fase_poda, fase_floracao, fase_colheita)
VALUES (40, 'Novembro a dezembro', 'Março a abril', 'Agosto a setembro');
INSERT INTO Variedade_Permanente(variedade_id, fase_poda, fase_floracao, fase_colheita)
VALUES (41, 'Novembro a dezembro', 'Março a abril', 'Agosto a setembro');
INSERT INTO Variedade_Permanente(variedade_id, fase_poda, fase_floracao, fase_colheita)
VALUES (42, 'Novembro a dezembro', 'Março a abril', 'Agosto a setembro');
INSERT INTO Variedade_Permanente(variedade_id, fase_poda, fase_floracao, fase_colheita)
VALUES (43, 'Novembro a dezembro', 'Março a abril', 'Agosto a setembro');
INSERT INTO Variedade_Permanente(variedade_id, fase_poda, fase_floracao, fase_colheita)
VALUES (44, 'Janeiro', 'Abril a maio', 'Novembro a dezembro');
INSERT INTO Variedade_Permanente(variedade_id, fase_poda, fase_floracao, fase_colheita)
VALUES (45, 'Novembro a dezembro', 'Março a abril', 'Agosto a setembro');
INSERT INTO Variedade_Permanente(variedade_id, fase_poda, fase_floracao, fase_colheita)
VALUES (46, 'Novembro a dezembro', 'Março a abril', 'Agosto a setembro');
INSERT INTO Variedade_Permanente(variedade_id, fase_poda, fase_floracao, fase_colheita)
VALUES (47, 'Novembro a dezembro', 'Março a abril', 'Agosto a setembro');
INSERT INTO Variedade_Permanente(variedade_id, fase_poda, fase_floracao, fase_colheita)
VALUES (48, 'Novembro a dezembro', 'Março a abril', 'Agosto a setembro');
INSERT INTO Variedade_Permanente(variedade_id, fase_poda, fase_floracao, fase_colheita)
VALUES (49, 'Novembro a dezembro', 'Março a abril', 'Agosto a setembro');
INSERT INTO Variedade_Permanente(variedade_id, fase_poda, fase_floracao, fase_colheita)
VALUES (50, 'Novembro a dezembro', 'Março a abril', 'Agosto a setembro');
INSERT INTO Variedade_Permanente(variedade_id, fase_poda, fase_floracao, fase_colheita)
VALUES (51, 'Novembro a dezembro', 'Março a abril', 'Agosto a setembro');
INSERT INTO Variedade_Permanente(variedade_id, fase_poda, fase_floracao, fase_colheita)
VALUES (52, 'Novembro a dezembro', 'Março a abril', 'Agosto a setembro');
INSERT INTO Variedade_Permanente(variedade_id, fase_poda, fase_floracao, fase_colheita)
VALUES (53, 'Novembro a dezembro', 'Março a abril', 'Agosto a setembro');
INSERT INTO Variedade_Permanente(variedade_id, fase_poda, fase_floracao, fase_colheita)
VALUES (54, 'Novembro a dezembro', 'Março a abril', 'Agosto a setembro');
INSERT INTO Variedade_Permanente(variedade_id, fase_poda, fase_floracao, fase_colheita)
VALUES (55, 'Novembro a dezembro', 'Março a abril', 'Agosto a setembro');
INSERT INTO Variedade_Permanente(variedade_id, fase_poda, fase_floracao, fase_colheita)
VALUES (56, 'Novembro a dezembro', 'Março a abril', 'Agosto a setembro');
INSERT INTO Variedade_Permanente(variedade_id, fase_poda, fase_floracao, fase_colheita)
VALUES (57, 'Novembro a dezembro', 'Março a abril', 'Agosto a setembro');
INSERT INTO Variedade_Permanente(variedade_id, fase_poda, fase_floracao, fase_colheita)
VALUES (58, 'Novembro a dezembro', 'Março a abril', 'Agosto a setembro');
INSERT INTO Variedade_Permanente(variedade_id, fase_poda, fase_floracao, fase_colheita)
VALUES (59, 'Novembro a dezembro', 'Março a abril', 'Agosto a setembro');
INSERT INTO Variedade_Permanente(variedade_id, fase_poda, fase_floracao, fase_colheita)
VALUES (60, 'Novembro a dezembro', 'Março a abril', 'Agosto a setembro');
INSERT INTO Variedade_Permanente(variedade_id, fase_poda, fase_floracao, fase_colheita)
VALUES (61, 'Novembro a dezembro', 'Março a abril', 'Agosto a setembro');
INSERT INTO Variedade_Permanente(variedade_id, fase_poda, fase_floracao, fase_colheita)
VALUES (62, 'Novembro a dezembro', 'Março a abril', 'Agosto a setembro');
INSERT INTO Variedade_Permanente(variedade_id, fase_poda, fase_floracao, fase_colheita)
VALUES (63, 'Novembro a dezembro', 'Março a abril', 'Agosto a setembro');
INSERT INTO Variedade_Permanente(variedade_id, fase_poda, fase_floracao, fase_colheita)
VALUES (64, 'Novembro a dezembro', 'Março a abril', 'Agosto a setembro');
INSERT INTO Variedade_Permanente(variedade_id, fase_poda, fase_floracao, fase_colheita)
VALUES (65, 'Novembro a dezembro', 'Março a abril', 'Agosto a setembro');
INSERT INTO Variedade_Permanente(variedade_id, fase_poda, fase_floracao, fase_colheita)
VALUES (66, 'Novembro a dezembro', 'Março a abril', 'Agosto a setembro');
INSERT INTO Variedade_Permanente(variedade_id, fase_poda, fase_floracao, fase_colheita)
VALUES (67, 'Novembro a dezembro', 'Março a abril', 'Agosto a setembro');
INSERT INTO Variedade_Permanente(variedade_id, fase_poda, fase_floracao, fase_colheita)
VALUES (68, 'Novembro a dezembro', 'Março a abril', 'Agosto a setembro');
INSERT INTO Variedade_Permanente(variedade_id, fase_poda, fase_floracao, fase_colheita)
VALUES (69, null, null, null);
INSERT INTO Variedade_Permanente(variedade_id, fase_poda, fase_floracao, fase_colheita)
VALUES (70, null, null, null);
INSERT INTO Variedade_Permanente(variedade_id, fase_poda, fase_floracao, fase_colheita)
VALUES (71, null, null, null);
INSERT INTO Variedade_Permanente(variedade_id, fase_poda, fase_floracao, fase_colheita)
VALUES (72, null, null, null);
INSERT INTO Variedade_Permanente(variedade_id, fase_poda, fase_floracao, fase_colheita)
VALUES (85, null, null, 'Outubro a novembro');
INSERT INTO Variedade_Permanente(variedade_id, fase_poda, fase_floracao, fase_colheita)
VALUES (86, null, null, 'Outubro a novembro');
INSERT INTO Variedade_Permanente(variedade_id, fase_poda, fase_floracao, fase_colheita)
VALUES (87, null, null, 'Outubro a novembro');
INSERT INTO Variedade_Permanente(variedade_id, fase_poda, fase_floracao, fase_colheita)
VALUES (88, null, null, 'Outubro a novembro');
INSERT INTO Variedade_Permanente(variedade_id, fase_poda, fase_floracao, fase_colheita)
VALUES (89, null, null, 'Outubro a novembro');
INSERT INTO Variedade_Permanente(variedade_id, fase_poda, fase_floracao, fase_colheita)
VALUES (90, null, null, 'Outubro a novembro');
INSERT INTO Variedade_Permanente(variedade_id, fase_poda, fase_floracao, fase_colheita)
VALUES (91, null, null, 'Outubro a novembro');
INSERT INTO Variedade_Permanente(variedade_id, fase_poda, fase_floracao, fase_colheita)
VALUES (92, null, null, 'Outubro a novembro');
INSERT INTO Variedade_Permanente(variedade_id, fase_poda, fase_floracao, fase_colheita)
VALUES (94, 'Dezembro a janeiro', 'Maio', 'Junho a agosto');
INSERT INTO Variedade_Permanente(variedade_id, fase_poda, fase_floracao, fase_colheita)
VALUES (95, 'Dezembro a janeiro', 'Maio', 'Junho a agosto');

INSERT INTO Variedade_Temporaria(variedade_id, fase_sementeira, fase_colheita)
VALUES (73, null, '80 dias');
INSERT INTO Variedade_Temporaria(variedade_id, fase_sementeira, fase_colheita)
VALUES (74, null, '80 dias');
INSERT INTO Variedade_Temporaria(variedade_id, fase_sementeira, fase_colheita)
VALUES (75, null, '80 dias');
INSERT INTO Variedade_Temporaria(variedade_id, fase_sementeira, fase_colheita)
VALUES (76, null, '80 dias');
INSERT INTO Variedade_Temporaria(variedade_id, fase_sementeira, fase_colheita)
VALUES (77, null, '80 dias');
INSERT INTO Variedade_Temporaria(variedade_id, fase_sementeira, fase_colheita)
VALUES (78, null, '80 dias');
INSERT INTO Variedade_Temporaria(variedade_id, fase_sementeira, fase_colheita)
VALUES (79, null, '80 dias');
INSERT INTO Variedade_Temporaria(variedade_id, fase_sementeira, fase_colheita)
VALUES (80, null, null);
INSERT INTO Variedade_Temporaria(variedade_id, fase_sementeira, fase_colheita)
VALUES (81, null, null);
INSERT INTO Variedade_Temporaria(variedade_id, fase_sementeira, fase_colheita)
VALUES (82, 'Abril a junho', 'Julho a setembro');
INSERT INTO Variedade_Temporaria(variedade_id, fase_sementeira, fase_colheita)
VALUES (83, 'Abril a junho', 'Julho a setembro');
INSERT INTO Variedade_Temporaria(variedade_id, fase_sementeira, fase_colheita)
VALUES (84, 'Março a setembro', 'Junho a fevereiro');
INSERT INTO Variedade_Temporaria(variedade_id, fase_sementeira, fase_colheita)
VALUES (93, 'Fevereiro a abril, agosto a outubro', '90 dias');

-- NOVOS DADOS ----------------------------------------------------------------------------------------------

-- Abóbora manteiga, designada por Cucurbita moschata var 'Butternut'
INSERT INTO Cultura(id, nome_comum, nome_cientifico)
VALUES (13, 'Abóbora', 'Cucurbita Moschata');
INSERT INTO Variedade(id, nome, cultura_id)
VALUES (96, 'Abóbora manteiga', 13);
INSERT INTO Variedade_Temporaria(variedade_id, fase_sementeira, fase_colheita)
VALUES (96, null, null);

-- Macieira Canada, 30 un, 01/05/2019, sem data fim
INSERT INTO Variedade(id, nome, cultura_id)
VALUES (97, 'Macieira Canada', 3);
INSERT INTO Variedade_Permanente(variedade_id, fase_plantacao, fase_poda, fase_floracao, fase_colheita)
VALUES (97, NULL, NULL, NULL, NULL);

-- Macieira Grand Fay, 40 un, 01/05/2019, sem data fim
INSERT INTO Variedade(id, nome, cultura_id)
VALUES (98, 'Macieira Grand Fay', 3);
INSERT INTO Variedade_Permanente(variedade_id, fase_plantacao, fase_poda, fase_floracao, fase_colheita)
VALUES (98, NULL, NULL, NULL, NULL);